<metadata>
	<idinfo>
		<citation>
			<citeinfo>
				<origin>U.S. Department of Commerce, U.S. Census Bureau, Geography 
                    Division</origin>
				<pubdate>2013</pubdate>
				<title>NHGIS: TIGER/Line Shapefile, 2013,  Current Block Group State-based</title>
				<edition>2013</edition>
				<geoform>vector digital data</geoform>
				<onlink>www.nhgis.org</onlink>
				<origin>Minnesota Population Center</origin></citeinfo>
		</citation>
		<descript>
			<abstract>The NHGIS is a National Institutes of Health and National Science Foundation-sponsored project to create a digital spatial-temporal database of all available historical US aggregate census materials. The available shapefiles on the NHGIS site represent version 2.0 of historical US state/territory boundary files for the 1790 to 2010 decennial censuses and American Community Survey releases.

The TIGER/Line shapefiles and related database files (.dbf) are an extract of selected geographic and cartographic information from the U.S. Census Bureau's Master Address File / Topologically Integrated Geographic Encoding and Referencing (MAF/TIGER) Database (MTDB).  The MTDB represents a seamless national file with no overlaps or gaps between parts, however, each TIGER/Line shapefile is designed to stand alone as an independent data set, or they can be combined to cover the entire nation.
Block Groups (BGs) are clusters of blocks within the same census tract. Each census tract contains at least one BG, and BGs are uniquely numbered within census tracts.  BGs have a valid code range of 0 through 9. BGs have the same first digit of their 4-digit census block number from the same decennial census.  For example, tabulation blocks numbered 3001, 3002, 3003,.., 3999 within census tract 1210.02 are also within BG 3 within that census tract.  BGs coded 0 are intended to only include water area, no land area, and they are generally in territorial seas, coastal water, and Great Lakes water areas. Block groups generally contain  between 600 and 3,000 people.  A BG usually covers a contiguous area but never crosses county or census tract boundaries. They may, however, cross the boundaries of other geographic entities like county subdivisions, places, urban areas, voting districts, congressional districts, and American Indian / Alaska Native / Native Hawaiian areas.
The BG boundaries in this release are those that were delineated as part of the Census Bureau's Participant Statistical Areas Program (PSAP) for the 2010 Census.</abstract>
			<purpose>These data are based upon work supported by the National Institutes of Health and the National Science Foundation. Its purpose is twofold. First, the NHGIS created and freely distributes a database incorporating all available aggregate census information for the United States between 1790 and 2010. The database contains information for a wide variety of statistical (blocks, block groups, census tracts, metropolitan statistical areas, etc.) and administrative units (places, minor civil divisions, counties, states, etc.). Second, the NHGIS produced and freely distributes boundary files for small areas (census tracts and counties) in the United States. Boundary files for tracts are available for the 1910-2010 decennial censuses and American Community Survey releases, and boundary files for counties and states/territories are available for the 1790-2010 decennial censuses and American Community Survey releases. The boundaries contained in this file do not necessarily represent current legal boundaries. Instead, they represent the boundaries over which the U.S. Census Bureau tabulated and published data at that time.

In order for others to use the information in the Census MAF/TIGER database in a geographic information system (GIS) or for other geographic applications, the Census Bureau releases to the public extracts of the database in the form of TIGER/Line Shapefiles.</purpose>
			<Subject_Entity>Alabama(01)</Subject_Entity>
		</descript>
		<timeperd>
			<timeinfo>
				<rngdates>
					<begdate>201206</begdate>
					<enddate>201305</enddate>
				</rngdates>
			</timeinfo>
			<current>publication date</current>
		</timeperd>
		<status>
			<progress>Complete</progress>
			<update>No changes or updates will be made to this version of the TIGER/Line Shapefiles.  Future releases of TIGER/Line Shapefiles will reflect updates made to the Census MAF/TIGER database.</update>
		</status>
		<spdom>
			<bounding>
				<westbc>-88.473227</westbc>
				<eastbc>-84.888246</eastbc>
				<northbc>35.008028</northbc>
				<southbc>30.144425</southbc>
			</bounding>
		</spdom>
		<keywords>
			<theme>
				<themekt>ISO 19115 Topic Categories</themekt>
				<themekey>boundaries</themekey>
			</theme>
			<theme>
				<themekt>None</themekt>
				<themekey>State or equivalent entity</themekey>
				<themekey>Polygon</themekey>
				<themekey>Block Group</themekey>
				<themekey>BG</themekey>
			</theme>
			<place>
				<placekt>ANSI INCITS 38:2009 (Formerly FIPS 5-2), 
                              ANSI INCITS 31:2009 (Formerly FIPS 6-4),ANSI 
                              INCITS 454:2009 (Formerly FIPS 8-6), ANSI INCITS 
                              455:2009(Formerly FIPS 9-1), ANSI INCITS 446:2008                           (Geographic Names Information System (GNIS))</placekt>
				<placekey>United States</placekey>
				<placekey>U.S.</placekey>
				<placekey>State or Equivalent Entity</placekey>
				<placekey>Alabama</placekey>
				<placekey>AL</placekey>
				<placekey>01</placekey>
			</place>
		</keywords>
		<accconst>None</accconst>
		<useconst>This dataset was produced with an intended application at the state/territory, regional or national level. Appropriate uses include thematic mapping of census data and spatial analysis of census data. These unaltered data may be redistributed by a third party. If these data are altered or incorporated into another dataset, they are not to be redistributed without also: altering the name of the dataset, including a Content Standards for Digital Geospatial Metadata (FGDC-STD-001-1998) compliant metadata file that describes the dataset and reflects the alteration steps that makes the new dataset different from this one, and citing this dataset in the metadata as a source for the altered dataset using the source citation specified below. If these digital data are used in the production of a report or in the compilation of a standalone printed map, then this dataset is to be cited in the report or on the map using the source citation specified below. The following source citation should be used when citing this dataset: Minnesota Population Center. National Historical Geographic Information System: Version 2.0, Minneapolis: MN, University of Minnesota 2011. No fee may be charged for use or distribution. Publications and research reports based on the database must cite it appropriately. Users are requested to send a copy of any publications, research reports, or educational material making use of the data or documentation. Printed matter should be sent to: NHGIS Minnesota Population Center University of Minnesota 50 Willey Hall 225 19th Avenue South Minneapolis, MN 55455.

The TIGER/Line Shapefile products are not copyrighted however TIGER/Line and Census TIGER are registered trademarks of the U.S. Census Bureau.  These products are free to use in a product or publication, however acknowledgement must be given to the U.S. Census Bureau as the source.
The boundary information in the TIGER/Line Shapefiles are for statistical data collection and tabulation purposes only; their depiction and designation for statistical purposes does not constitute a determination of jurisdictional authority or rights of ownership or entitlement and they are not legal land descriptions.Coordinates in the TIGER/Line shapefiles have six implied decimal places, but the positional accuracy of these coordinates is not as great as the six decimal places suggest.</useconst>
		<Title_13_Restrictions>Yes, the data are free from Title 13 restrictions</Title_13_Restrictions>
		<ptcontac>
			<cntinfo>
				<cntorgp>
					<cntorg>Minnesota Population Center</cntorg>
				</cntorgp>
				<cntaddr>
					<addrtype>mailing address</addrtype>
					<address>50 Willey Hall, 225 19th Ave S</address>
					<city>Minneapolis</city>
					<state>MN</state>
					<postal>55455</postal>
					<country>United States</country>
				</cntaddr>
				<cntvoice>612-625-7375</cntvoice>
				<cntemail>nhgis@umn.edu</cntemail>
			</cntinfo>
		</ptcontac>
	</idinfo>
	<Data_Set_Character_Set>8859part1</Data_Set_Character_Set>
	<Data_Set_Language>eng</Data_Set_Language>
	<dataqual>
		<attracc>
			<attraccr>Accurate against Federal Information Processing Series (FIPS), FIPS Publication 6-4, and FIPS-55 at the 100% level for the codes and base names.  The remaining attribute information has been examined but has not been fully tested for accuracy.</attraccr>
		</attracc>
		<logic>The Census Bureau performed automated tests to ensure logical consistency and limits of shapefiles.  Segments making up the outer and inner boundaries of a polygon tie end-to-end to completely enclose the area.  All polygons are tested for closure.
The Census Bureau uses its internally developed geographic update system to enhance and modify spatial and attribute data in the Census MAF/TIGER database.  Standard geographic codes, such as FIPS codes for states, counties, municipalities, county subdivisions, places, American Indian/Alaska Native/Native Hawaiian areas, and congressional districts are used when encoding spatial entities.  The Census Bureau performed spatial data tests for logical consistency of the codes during the compilation of the original Census MAF/TIGER database files.  Most of the codes for geographic entities except states, counties, urban areas, Core Based Statistical Areas (CBSAs), American Indian Areas (AIAs), and congressional districts were provided to the Census Bureau by the USGS, the agency responsible for maintaining FIPS 55.  Feature attribute information has been examined but has not been fully tested for consistency.
For the TIGER/Line Shapefiles, the Point and Vector Object Count for the G-polygon SDTS Point and Vector Object Type reflects the number of records in the shapefile attribute table.  For multi-polygon features, only one attribute record exists for each multi-polygon rather than one attribute record per individual G-polygon component of the multi-polygon feature.  TIGER/Line Shapefile multi-polygons are an exception to the G-polygon object type classification.  Therefore, when multi-polygons exist in a shapefile, the object count will be less than the actual number of G-polygons.</logic>
		<complete>Data completeness of the TIGER/Line Shapefiles reflects the contents of the Census MAF/TIGER database at the time the TIGER/Line Shapefiles were created.</complete>
		<lineage>
			<srcinfo>
				<srccite>
					<citeinfo>
						<origin>U.S. Department of Commerce, U.S. Census Bureau, Geography Division</origin>
						<pubdate>Unpublished material</pubdate>
						<title>Census MAF/TIGER database</title>
					</citeinfo>
				</srccite>
				<typesrc>online</typesrc>
				<srctime>
					<timeinfo>
						<rngdates>
							<begdate>201206</begdate>
							<enddate>201305</enddate>
						</rngdates>
					</timeinfo>
					<srccurr>publication date</srccurr>
				</srctime>
				<srccitea>MAF/TIGER</srccitea>
				<srccontr>All line segments</srccontr>
			</srcinfo>
			<procstep>
				<procdesc>TIGER/Line Shapefiles are extracted from the Census MAF/TIGER database by nation, state, county, and entity.  Census MAF/TIGER data for all of the aforementioned geographic entities are then distributed among the shapefiles each containing attributes for line, polygon, or landmark geographic data. </procdesc>
				<srcused>MAF/TIGER</srcused>
				<procdate>2013</procdate>
			</procstep>
			<procstep><procdesc>Dataset Copied.</procdesc></procstep><procstep><procdesc>Erased coastal water features. Added and calculated GISJOIN.</procdesc></procstep></lineage>
	</dataqual>
	<spdoinfo>
		<indspref>Federal Information Processing Series (FIPS), ANSI, and feature names.</indspref>
		<direct>Vector</direct>
		<ptvctinf><esriterm Name="_blck_grp_2013RI"><efeatyp Sync="TRUE">Simple</efeatyp><efeageom code="4" Sync="TRUE"></efeageom><esritopo Sync="TRUE">FALSE</esritopo><efeacnt Sync="TRUE">0</efeacnt><spindex Sync="TRUE">FALSE</spindex><linrefer Sync="TRUE">FALSE</linrefer></esriterm></ptvctinf></spdoinfo>
	<spref>
		<horizsys>
			<geodetic>
				<horizdn>North American Datum of 1983</horizdn>
				<ellips>Geodetic Reference System 80</ellips>
				<semiaxis>6378137</semiaxis>
				<denflat>298.257</denflat>
			</geodetic>
		</horizsys>
	</spref>
	<eainfo>
		<detailed Name="_blck_grp_2013RI">
			<enttyp>
				<enttypl>BG.shp</enttypl>
				<enttypd>Current Block Group State-based</enttypd>
				<enttypds>U.S. Census Bureau</enttypds>
				<enttypt Sync="TRUE">Feature Class</enttypt><enttypc Sync="TRUE">0</enttypc></enttyp>
			<attr><attrlabl Sync="TRUE">FID</attrlabl><attalias Sync="TRUE">FID</attalias><attrtype Sync="TRUE">OID</attrtype><attwidth Sync="TRUE">4</attwidth><atprecis Sync="TRUE">0</atprecis><attscale Sync="TRUE">0</attscale><attrdef Sync="TRUE">Internal feature number.</attrdef><attrdefs Sync="TRUE">Esri</attrdefs><attrdomv><udom Sync="TRUE">Sequential unique whole numbers that are automatically generated.</udom></attrdomv></attr><attr><attrlabl Sync="TRUE">Shape</attrlabl><attalias Sync="TRUE">Shape</attalias><attrtype Sync="TRUE">Geometry</attrtype><attwidth Sync="TRUE">0</attwidth><atprecis Sync="TRUE">0</atprecis><attscale Sync="TRUE">0</attscale><attrdef Sync="TRUE">Feature geometry.</attrdef><attrdefs Sync="TRUE">Esri</attrdefs><attrdomv><udom Sync="TRUE">Coordinates defining the features.</udom></attrdomv></attr><attr>
				<attrlabl>STATEFP</attrlabl>
				<attrdef>Current state Federal Information Processing Series (FIPS) code</attrdef>
				<attrdefs>U.S. Census Bureau</attrdefs>
				<attrdomv>
					<codesetd>
						<codesetn>INCITS.38-2009, Codes for the Identification of the States, the District of Columbia, Puerto Rico, and the Insular Areas of the United States (Formerly FIPS 5-2)</codesetn>
						<codesets>U.S. Census Bureau</codesets>
					</codesetd>
				</attrdomv>
				<attalias Sync="TRUE">STATEFP</attalias><attrtype Sync="TRUE">String</attrtype><attwidth Sync="TRUE">2</attwidth><atprecis Sync="TRUE">0</atprecis><attscale Sync="TRUE">0</attscale></attr>
			<attr>
				<attrlabl>COUNTYFP</attrlabl>
				<attrdef>Current county Federal Information Processing Series (FIPS) code</attrdef>
				<attrdefs>U.S. Census Bureau</attrdefs>
				<attrdomv>
					<codesetd>
						<codesetn>INCITS.31-2009, Codes for the Identification of the Counties and Equivalent Areas of the United States, Puerto Rico, and the Insular Areas of the United States (Formerly FIPS 6-4)</codesetn>
						<codesets>U.S. Census Bureau</codesets>
					</codesetd>
				</attrdomv>
				<attalias Sync="TRUE">COUNTYFP</attalias><attrtype Sync="TRUE">String</attrtype><attwidth Sync="TRUE">3</attwidth><atprecis Sync="TRUE">0</atprecis><attscale Sync="TRUE">0</attscale></attr>
			<attr>
				<attrlabl>TRACTCE</attrlabl>
				<attrdef>Current census tract code</attrdef>
				<attrdefs>U.S. Census Bureau</attrdefs>
				<attrdomv>
					<edom>
						<edomv>000000</edomv>
						<edomvd>Water Tract (2000)</edomvd>
						<edomvds>U.S. Census Bureau</edomvds>
					</edom>
					<edom>
						<edomv>000100 to 989999</edomv>
						<edomvd>Census tract number</edomvd>
						<edomvds>U.S. Census Bureau</edomvds>
					</edom>
					<edom>
						<edomv>990000 to 990099</edomv>
						<edomvd>Water Tract (2010 and continuing)</edomvd>
						<edomvds>U.S. Census Bureau</edomvds>
					</edom>
					<edom>
						<edomv>990100 to 998999</edomv>
						<edomvd>Census tract number</edomvd>
						<edomvds>U.S. Census Bureau</edomvds>
					</edom>
				</attrdomv>
				<attalias Sync="TRUE">TRACTCE</attalias><attrtype Sync="TRUE">String</attrtype><attwidth Sync="TRUE">6</attwidth><atprecis Sync="TRUE">0</atprecis><attscale Sync="TRUE">0</attscale></attr>
			<attr>
				<attrlabl>BLKGRPCE</attrlabl>
				<attrdef>Current block group number</attrdef>
				<attrdefs>U.S. Census Bureau</attrdefs>
				<attrdomv>
					<edom>
						<edomv>0</edomv>
						<edomvd>Water block group</edomvd>
						<edomvds>U.S. Census Bureau</edomvds>
					</edom>
					<edom>
						<edomv>1 to 9</edomv>
						<edomvd>Current block group code</edomvd>
						<edomvds>U.S. Census Bureau</edomvds>
					</edom>
				</attrdomv>
				<attalias Sync="TRUE">BLKGRPCE</attalias><attrtype Sync="TRUE">String</attrtype><attwidth Sync="TRUE">1</attwidth><atprecis Sync="TRUE">0</atprecis><attscale Sync="TRUE">0</attscale></attr>
			<attr>
				<attrlabl>GEOID</attrlabl>
				<attrdef>Census block group identifier; a concatenation of the current state Federal Information Processing Series (FIPS) code, county FIPS code, census tract code, and block group number</attrdef>
				<attrdefs>U.S. Census Bureau</attrdefs>
				<attrdomv>
					<codesetd>
						<codesetn>INCITS.38-2009, Codes for the Identification of the States, the District of Columbia, Puerto Rico, and the Insular Areas of the United States (Formerly FIPS 5-2), INCITS.31-2009, Codes for the Identification of the Counties and Equivalent Areas of the United States, Puerto Rico, and the Insular Areas of the United States (Formerly FIPS 6-4) and the tract code that appears in TRACTCE and the census block group number that appears in BLKGRPCE</codesetn>
						<codesets>U.S. Census Bureau</codesets>
					</codesetd>
				</attrdomv>
				<attalias Sync="TRUE">GEOID</attalias><attrtype Sync="TRUE">String</attrtype><attwidth Sync="TRUE">12</attwidth><atprecis Sync="TRUE">0</atprecis><attscale Sync="TRUE">0</attscale></attr>
			<attr>
				<attrlabl>NAMELSAD</attrlabl>
				<attrdef>Current translated legal/statistical area description and the block group number</attrdef>
				<attrdefs>U.S. Census Bureau</attrdefs>
				<attrdomv>
					<udom>Refer to the block group number that appears in BLKGRPCE and translated legal/statistical area description code BG, Block Group</udom>
				</attrdomv>
				<attalias Sync="TRUE">NAMELSAD</attalias><attrtype Sync="TRUE">String</attrtype><attwidth Sync="TRUE">13</attwidth><atprecis Sync="TRUE">0</atprecis><attscale Sync="TRUE">0</attscale></attr>
			<attr>
				<attrlabl>MTFCC</attrlabl>
				<attrdef>MAF/TIGER feature class code</attrdef>
				<attrdefs>U.S. Census Bureau</attrdefs>
				<attrdomv>
					<edom>
						<edomv>G5030</edomv>
						<edomvd>Block Group</edomvd>
						<edomvds>U.S. Census Bureau</edomvds>
					</edom>
				</attrdomv>
				<attalias Sync="TRUE">MTFCC</attalias><attrtype Sync="TRUE">String</attrtype><attwidth Sync="TRUE">5</attwidth><atprecis Sync="TRUE">0</atprecis><attscale Sync="TRUE">0</attscale></attr>
			<attr>
				<attrlabl>FUNCSTAT</attrlabl>
				<attrdef>Current functional status</attrdef>
				<attrdefs>U.S. Census Bureau</attrdefs>
				<attrdomv>
					<edom>
						<edomv>S</edomv>
						<edomvd>Statistical entity</edomvd>
						<edomvds>U.S. Census Bureau</edomvds>
					</edom>
				</attrdomv>
				<attalias Sync="TRUE">FUNCSTAT</attalias><attrtype Sync="TRUE">String</attrtype><attwidth Sync="TRUE">1</attwidth><atprecis Sync="TRUE">0</atprecis><attscale Sync="TRUE">0</attscale></attr>
			<attr>
				<attrlabl>ALAND</attrlabl>
				<attrdef>Current land area (square meters)</attrdef>
				<attrdefs>U.S. Census Bureau</attrdefs>
				<attrdomv>
					<rdom>
						<rdommin>0</rdommin>
						<rdommax>9,999,999,999,999</rdommax>
						<attrunit>square meters</attrunit>
					</rdom>
				</attrdomv>
				<attalias Sync="TRUE">ALAND</attalias><attrtype Sync="TRUE">Double</attrtype><attwidth Sync="TRUE">19</attwidth><atprecis Sync="TRUE">18</atprecis><attscale Sync="TRUE">8</attscale></attr>
			<attr>
				<attrlabl>AWATER</attrlabl>
				<attrdef>Current water area (square meters)</attrdef>
				<attrdefs>U.S. Census Bureau</attrdefs>
				<attrdomv>
					<rdom>
						<rdommin>0</rdommin>
						<rdommax>9,999,999,999,999</rdommax>
						<attrunit>square meters</attrunit>
					</rdom>
				</attrdomv>
				<attalias Sync="TRUE">AWATER</attalias><attrtype Sync="TRUE">Double</attrtype><attwidth Sync="TRUE">19</attwidth><atprecis Sync="TRUE">18</atprecis><attscale Sync="TRUE">8</attscale></attr>
			<attr>
				<attrlabl>INTPTLAT</attrlabl>
				<attrdef>Current latitude of the internal point</attrdef>
				<attrdefs>U.S. Census Bureau</attrdefs>
				<attrdomv>
					<rdom>
						<rdommin>-90.000000</rdommin>
						<rdommax>90.000000</rdommax>
						<attrunit>Decimal degrees</attrunit>
					</rdom>
				</attrdomv>
				<attalias Sync="TRUE">INTPTLAT</attalias><attrtype Sync="TRUE">String</attrtype><attwidth Sync="TRUE">11</attwidth><atprecis Sync="TRUE">0</atprecis><attscale Sync="TRUE">0</attscale></attr>
			<attr><attrlabl Sync="TRUE">GISJOIN</attrlabl><attalias Sync="TRUE">GISJOIN</attalias><attrtype Sync="TRUE">String</attrtype><attwidth Sync="TRUE">15</attwidth><atprecis Sync="TRUE">0</atprecis><attscale Sync="TRUE">0</attscale><attrdef>unique identifier for joining to NHGIS tabular data</attrdef><attrdefs>NHGIS</attrdefs></attr><attr>
				<attrlabl>INTPTLON</attrlabl>
				<attrdef>Current longitude of the internal point</attrdef>
				<attrdefs>U.S. Census Bureau</attrdefs>
				<attrdomv>
					<rdom>
						<rdommin>-180.000000</rdommin>
						<rdommax>180.000000</rdommax>
						<attrunit>Decimal degrees</attrunit>
					</rdom>
				</attrdomv>
				<attalias Sync="TRUE">INTPTLON</attalias><attrtype Sync="TRUE">String</attrtype><attwidth Sync="TRUE">12</attwidth><atprecis Sync="TRUE">0</atprecis><attscale Sync="TRUE">0</attscale></attr>
			<attr><attrlabl Sync="TRUE">STUSPS</attrlabl><attalias Sync="TRUE">STUSPS</attalias><attrtype Sync="TRUE">String</attrtype><attwidth Sync="TRUE">2</attwidth><atprecis Sync="TRUE">0</atprecis><attscale Sync="TRUE">0</attscale></attr><attr><attrlabl Sync="TRUE">SHAPE_AREA</attrlabl><attalias Sync="TRUE">SHAPE_AREA</attalias><attrtype Sync="TRUE">Double</attrtype><attwidth Sync="TRUE">19</attwidth><atprecis Sync="TRUE">0</atprecis><attscale Sync="TRUE">0</attscale><attrdef Sync="TRUE">Area of feature in internal units squared.</attrdef><attrdefs Sync="TRUE">Esri</attrdefs><attrdomv><udom Sync="TRUE">Positive real numbers that are automatically generated.</udom></attrdomv></attr><attr><attrlabl Sync="TRUE">SHAPE_LEN</attrlabl><attalias Sync="TRUE">SHAPE_LEN</attalias><attrtype Sync="TRUE">Double</attrtype><attwidth Sync="TRUE">19</attwidth><atprecis Sync="TRUE">0</atprecis><attscale Sync="TRUE">0</attscale></attr></detailed>
	</eainfo>
	<distinfo>
		<distrib>
			<cntinfo>
				<cntorgp>
					<cntorg>Minnesota Population Center</cntorg>
				</cntorgp>
				<cntvoice>612-625-7375</cntvoice>
				<cntemail>nhgis@umn.edu</cntemail>
			</cntinfo>
		</distrib>
		<distliab>No warranty, expressed or implied is made with regard to the accuracy of these data, and no liability is assumed by the U.S. Government in general or the U.S. Census Bureau in specific as to the spatial or attribute accuracy of the data.  The act of distribution shall not constitute any such warranty and no responsibility is assumed by the U.S. government in the use of these files.  The boundary information in the TIGER/Line Shapefiles is for statistical data collection and tabulation purposes only; their depiction and designation for statistical purposes do not constitute a determination of jurisdictional authority or rights of ownership or entitlement and they are not legal land descriptions.</distliab>
		<stdorder>
			<digform>
				<digtinfo>
					<formname>TGRSHP (compressed)</formname>
					<filedec>PK-ZIP, version 1.93 A or higher</filedec>
				</digtinfo>
				<digtopt>
					<onlinopt>
						<computer>
							<networka>
								<networkr>http://www2.census.gov/geo/tiger/TIGER2013/BG/tl_2013_01_bg.zip</networkr>
							</networka>
						</computer>
					</onlinopt>
				</digtopt>
			</digform>
			<fees>The online copy of the TIGER/Line Shapefiles may be accessed without charge.</fees>
			<ordering>To obtain more information about ordering TIGER/Line Shapefiles visit http://www.census.gov/geo/www/tiger </ordering>
		</stdorder>
		<techpreq>The TIGER/Line shapefiles contain geographic data only and do not include display mapping software or statistical data.  For information on how to use the TIGER/Line shapefile data with specific software package users shall contact the company that produced the software.</techpreq>
	</distinfo>
	<metainfo>
		<metd>20130615</metd>
		<metc>
			<cntinfo>
				<cntorgp>
					<cntorg>Minnesota Population Center</cntorg>
				</cntorgp>
				<cntvoice>612-625-7375</cntvoice>
				<cntemail>nhgis@umn.edu</cntemail>
			</cntinfo>
		</metc>
		<metstdn>FGDC Content Standards for Digital Geospatial Metadata</metstdn>
		<metstdv>FGDC-STD-001-1998</metstdv>
		<Metadata_Character_Set>8859part1</Metadata_Character_Set>
		<Metadata_File_Identifier>tl_2013_01_bg.shp.xml</Metadata_File_Identifier>
		<Metadata_Language>eng</Metadata_Language>
	</metainfo>
	<dataIdInfo><envirDesc Sync="TRUE">Microsoft Windows 7 Version 6.1 (Build 7601) Service Pack 1; Esri ArcGIS 10.2.0.3348</envirDesc><dataLang><languageCode value="eng" Sync="TRUE"></languageCode><countryCode value="USA" Sync="TRUE"></countryCode></dataLang><idCitation><resTitle Sync="TRUE">_blck_grp_2013RI</resTitle><presForm><PresFormCd value="005" Sync="TRUE"></PresFormCd></presForm></idCitation><spatRpType><SpatRepTypCd value="001" Sync="TRUE"></SpatRepTypCd></spatRpType><dataExt><geoEle><GeoBndBox esriExtentType="search"><exTypeCode Sync="TRUE">1</exTypeCode><westBL Sync="TRUE">-180.000000</westBL><eastBL Sync="TRUE">180.000000</eastBL><northBL Sync="TRUE">90.000000</northBL><southBL Sync="TRUE">0.096502</southBL></GeoBndBox></geoEle></dataExt></dataIdInfo><mdLang><languageCode value="eng" Sync="TRUE"></languageCode><countryCode value="USA" Sync="TRUE"></countryCode></mdLang><Esri><DataProperties><itemProps><itemName Sync="TRUE">_blck_grp_2013RI</itemName><imsContentType Sync="TRUE">002</imsContentType><itemLocation><linkage Sync="TRUE">file://\\thalia.socsci.umn.edu\ipums\istads\data\shape\tl2013\base\nongen\blck_grp\_blck_grp_2013RI.shp</linkage><protocol Sync="TRUE">Local Area Network</protocol></itemLocation><nativeExtBox><westBL Sync="TRUE">-7115207.647500</westBL><eastBL Sync="TRUE">3321631.715600</eastBL><southBL Sync="TRUE">-1685018.477700</southBL><northBL Sync="TRUE">4591848.410800</northBL><exTypeCode Sync="TRUE">1</exTypeCode></nativeExtBox><itemSize Sync="TRUE">0.000</itemSize></itemProps><coordRef><type Sync="TRUE">Projected</type><geogcsn Sync="TRUE">GCS_North_American_1983</geogcsn><csUnits Sync="TRUE">Linear Unit: Meter (1.000000)</csUnits><projcsn Sync="TRUE">USA_Contiguous_Albers_Equal_Area_Conic</projcsn><peXml Sync="TRUE">&lt;ProjectedCoordinateSystem xsi:type='typens:ProjectedCoordinateSystem' xmlns:xsi='http://www.w3.org/2001/XMLSchema-instance' xmlns:xs='http://www.w3.org/2001/XMLSchema' xmlns:typens='http://www.esri.com/schemas/ArcGIS/10.1'&gt;&lt;WKT&gt;PROJCS[&amp;quot;USA_Contiguous_Albers_Equal_Area_Conic&amp;quot;,GEOGCS[&amp;quot;GCS_North_American_1983&amp;quot;,DATUM[&amp;quot;D_North_American_1983&amp;quot;,SPHEROID[&amp;quot;GRS_1980&amp;quot;,6378137.0,298.257222101]],PRIMEM[&amp;quot;Greenwich&amp;quot;,0.0],UNIT[&amp;quot;Degree&amp;quot;,0.0174532925199433]],PROJECTION[&amp;quot;Albers&amp;quot;],PARAMETER[&amp;quot;False_Easting&amp;quot;,0.0],PARAMETER[&amp;quot;False_Northing&amp;quot;,0.0],PARAMETER[&amp;quot;Central_Meridian&amp;quot;,-96.0],PARAMETER[&amp;quot;Standard_Parallel_1&amp;quot;,29.5],PARAMETER[&amp;quot;Standard_Parallel_2&amp;quot;,45.5],PARAMETER[&amp;quot;Latitude_Of_Origin&amp;quot;,37.5],UNIT[&amp;quot;Meter&amp;quot;,1.0],AUTHORITY[&amp;quot;ESRI&amp;quot;,102003]]&lt;/WKT&gt;&lt;XOrigin&gt;-16901100&lt;/XOrigin&gt;&lt;YOrigin&gt;-8579000&lt;/YOrigin&gt;&lt;XYScale&gt;266467840.99085236&lt;/XYScale&gt;&lt;ZOrigin&gt;-100000&lt;/ZOrigin&gt;&lt;ZScale&gt;10000&lt;/ZScale&gt;&lt;MOrigin&gt;-100000&lt;/MOrigin&gt;&lt;MScale&gt;10000&lt;/MScale&gt;&lt;XYTolerance&gt;0.001&lt;/XYTolerance&gt;&lt;ZTolerance&gt;0.001&lt;/ZTolerance&gt;&lt;MTolerance&gt;0.001&lt;/MTolerance&gt;&lt;HighPrecision&gt;true&lt;/HighPrecision&gt;&lt;WKID&gt;102003&lt;/WKID&gt;&lt;LatestWKID&gt;102003&lt;/LatestWKID&gt;&lt;/ProjectedCoordinateSystem&gt;</peXml></coordRef><lineage><Process ToolSource="c:\program files (x86)\arcgis\desktop10.2\ArcToolbox\Toolboxes\Data Management Tools.tbx\CopyFeatures" Date="20141016" Time="094510">CopyFeatures C:\Workspace\TIGER2013_unzip\BG\tl_2013_01_bg.shp C:\Workspace\TIGER2013\TIGER2013.gdb\BG_None\tl_2013_01_bg # 0 0 0</Process><Process ToolSource="c:\program files (x86)\arcgis\desktop10.2\ArcToolbox\Toolboxes\Data Management Tools.tbx\Merge" Date="20141016" Time="103556">Merge C:\Workspace\TIGER2013\TIGER2013.gdb\BG_None\tl_2013_01_bg;C:\Workspace\TIGER2013\TIGER2013.gdb\BG_None\tl_2013_02_bg;C:\Workspace\TIGER2013\TIGER2013.gdb\BG_None\tl_2013_04_bg;C:\Workspace\TIGER2013\TIGER2013.gdb\BG_None\tl_2013_05_bg;C:\Workspace\TIGER2013\TIGER2013.gdb\BG_None\tl_2013_06_bg;C:\Workspace\TIGER2013\TIGER2013.gdb\BG_None\tl_2013_08_bg;C:\Workspace\TIGER2013\TIGER2013.gdb\BG_None\tl_2013_09_bg;C:\Workspace\TIGER2013\TIGER2013.gdb\BG_None\tl_2013_10_bg;C:\Workspace\TIGER2013\TIGER2013.gdb\BG_None\tl_2013_11_bg;C:\Workspace\TIGER2013\TIGER2013.gdb\BG_None\tl_2013_12_bg;C:\Workspace\TIGER2013\TIGER2013.gdb\BG_None\tl_2013_13_bg;C:\Workspace\TIGER2013\TIGER2013.gdb\BG_None\tl_2013_15_bg;C:\Workspace\TIGER2013\TIGER2013.gdb\BG_None\tl_2013_16_bg;C:\Workspace\TIGER2013\TIGER2013.gdb\BG_None\tl_2013_17_bg;C:\Workspace\TIGER2013\TIGER2013.gdb\BG_None\tl_2013_18_bg;C:\Workspace\TIGER2013\TIGER2013.gdb\BG_None\tl_2013_19_bg;C:\Workspace\TIGER2013\TIGER2013.gdb\BG_None\tl_2013_20_bg;C:\Workspace\TIGER2013\TIGER2013.gdb\BG_None\tl_2013_21_bg;C:\Workspace\TIGER2013\TIGER2013.gdb\BG_None\tl_2013_22_bg;C:\Workspace\TIGER2013\TIGER2013.gdb\BG_None\tl_2013_23_bg;C:\Workspace\TIGER2013\TIGER2013.gdb\BG_None\tl_2013_24_bg;C:\Workspace\TIGER2013\TIGER2013.gdb\BG_None\tl_2013_25_bg;C:\Workspace\TIGER2013\TIGER2013.gdb\BG_None\tl_2013_26_bg;C:\Workspace\TIGER2013\TIGER2013.gdb\BG_None\tl_2013_27_bg;C:\Workspace\TIGER2013\TIGER2013.gdb\BG_None\tl_2013_28_bg;C:\Workspace\TIGER2013\TIGER2013.gdb\BG_None\tl_2013_29_bg;C:\Workspace\TIGER2013\TIGER2013.gdb\BG_None\tl_2013_30_bg;C:\Workspace\TIGER2013\TIGER2013.gdb\BG_None\tl_2013_31_bg;C:\Workspace\TIGER2013\TIGER2013.gdb\BG_None\tl_2013_32_bg;C:\Workspace\TIGER2013\TIGER2013.gdb\BG_None\tl_2013_33_bg;C:\Workspace\TIGER2013\TIGER2013.gdb\BG_None\tl_2013_34_bg;C:\Workspace\TIGER2013\TIGER2013.gdb\BG_None\tl_2013_35_bg;C:\Workspace\TIGER2013\TIGER2013.gdb\BG_None\tl_2013_36_bg;C:\Workspace\TIGER2013\TIGER2013.gdb\BG_None\tl_2013_37_bg;C:\Workspace\TIGER2013\TIGER2013.gdb\BG_None\tl_2013_38_bg;C:\Workspace\TIGER2013\TIGER2013.gdb\BG_None\tl_2013_39_bg;C:\Workspace\TIGER2013\TIGER2013.gdb\BG_None\tl_2013_40_bg;C:\Workspace\TIGER2013\TIGER2013.gdb\BG_None\tl_2013_41_bg;C:\Workspace\TIGER2013\TIGER2013.gdb\BG_None\tl_2013_42_bg;C:\Workspace\TIGER2013\TIGER2013.gdb\BG_None\tl_2013_44_bg;C:\Workspace\TIGER2013\TIGER2013.gdb\BG_None\tl_2013_45_bg;C:\Workspace\TIGER2013\TIGER2013.gdb\BG_None\tl_2013_46_bg;C:\Workspace\TIGER2013\TIGER2013.gdb\BG_None\tl_2013_47_bg;C:\Workspace\TIGER2013\TIGER2013.gdb\BG_None\tl_2013_48_bg;C:\Workspace\TIGER2013\TIGER2013.gdb\BG_None\tl_2013_49_bg;C:\Workspace\TIGER2013\TIGER2013.gdb\BG_None\tl_2013_50_bg;C:\Workspace\TIGER2013\TIGER2013.gdb\BG_None\tl_2013_51_bg;C:\Workspace\TIGER2013\TIGER2013.gdb\BG_None\tl_2013_53_bg;C:\Workspace\TIGER2013\TIGER2013.gdb\BG_None\tl_2013_54_bg;C:\Workspace\TIGER2013\TIGER2013.gdb\BG_None\tl_2013_55_bg;C:\Workspace\TIGER2013\TIGER2013.gdb\BG_None\tl_2013_56_bg;C:\Workspace\TIGER2013\TIGER2013.gdb\BG_None\tl_2013_72_bg C:\Workspace\TIGER2013\TIGER2013.gdb\BG_None\tl_2013_us_bgtemp "STATEFP "STATEFP" true true false 2 Text 0 0 ,First,#,C:\Workspace\TIGER2013\TIGER2013.gdb\BG_None\tl_2013_01_bg,STATEFP,-1,-1,C:\Workspace\TIGER2013\TIGER2013.gdb\BG_None\tl_2013_02_bg,STATEFP,-1,-1,C:\Workspace\TIGER2013\TIGER2013.gdb\BG_None\tl_2013_04_bg,STATEFP,-1,-1,C:\Workspace\TIGER2013\TIGER2013.gdb\BG_None\tl_2013_05_bg,STATEFP,-1,-1,C:\Workspace\TIGER2013\TIGER2013.gdb\BG_None\tl_2013_06_bg,STATEFP,-1,-1,C:\Workspace\TIGER2013\TIGER2013.gdb\BG_None\tl_2013_08_bg,STATEFP,-1,-1,C:\Workspace\TIGER2013\TIGER2013.gdb\BG_None\tl_2013_09_bg,STATEFP,-1,-1,C:\Workspace\TIGER2013\TIGER2013.gdb\BG_None\tl_2013_10_bg,STATEFP,-1,-1,C:\Workspace\TIGER2013\TIGER2013.gdb\BG_None\tl_2013_11_bg,STATEFP,-1,-1,C:\Workspace\TIGER2013\TIGER2013.gdb\BG_None\tl_2013_12_bg,STATEFP,-1,-1,C:\Workspace\TIGER2013\TIGER2013.gdb\BG_None\tl_2013_13_bg,STATEFP,-1,-1,C:\Workspace\TIGER2013\TIGER2013.gdb\BG_None\tl_2013_15_bg,STATEFP,-1,-1,C:\Workspace\TIGER2013\TIGER2013.gdb\BG_None\tl_2013_16_bg,STATEFP,-1,-1,C:\Workspace\TIGER2013\TIGER2013.gdb\BG_None\tl_2013_17_bg,STATEFP,-1,-1,C:\Workspace\TIGER2013\TIGER2013.gdb\BG_None\tl_2013_18_bg,STATEFP,-1,-1,C:\Workspace\TIGER2013\TIGER2013.gdb\BG_None\tl_2013_19_bg,STATEFP,-1,-1,C:\Workspace\TIGER2013\TIGER2013.gdb\BG_None\tl_2013_20_bg,STATEFP,-1,-1,C:\Workspace\TIGER2013\TIGER2013.gdb\BG_None\tl_2013_21_bg,STATEFP,-1,-1,C:\Workspace\TIGER2013\TIGER2013.gdb\BG_None\tl_2013_22_bg,STATEFP,-1,-1,C:\Workspace\TIGER2013\TIGER2013.gdb\BG_None\tl_2013_23_bg,STATEFP,-1,-1,C:\Workspace\TIGER2013\TIGER2013.gdb\BG_None\tl_2013_24_bg,STATEFP,-1,-1,C:\Workspace\TIGER2013\TIGER2013.gdb\BG_None\tl_2013_25_bg,STATEFP,-1,-1,C:\Workspace\TIGER2013\TIGER2013.gdb\BG_None\tl_2013_26_bg,STATEFP,-1,-1,C:\Workspace\TIGER2013\TIGER2013.gdb\BG_None\tl_2013_27_bg,STATEFP,-1,-1,C:\Workspace\TIGER2013\TIGER2013.gdb\BG_None\tl_2013_28_bg,STATEFP,-1,-1,C:\Workspace\TIGER2013\TIGER2013.gdb\BG_None\tl_2013_29_bg,STATEFP,-1,-1,C:\Workspace\TIGER2013\TIGER2013.gdb\BG_None\tl_2013_30_bg,STATEFP,-1,-1,C:\Workspace\TIGER2013\TIGER2013.gdb\BG_None\tl_2013_31_bg,STATEFP,-1,-1,C:\Workspace\TIGER2013\TIGER2013.gdb\BG_None\tl_2013_32_bg,STATEFP,-1,-1,C:\Workspace\TIGER2013\TIGER2013.gdb\BG_None\tl_2013_33_bg,STATEFP,-1,-1,C:\Workspace\TIGER2013\TIGER2013.gdb\BG_None\tl_2013_34_bg,STATEFP,-1,-1,C:\Workspace\TIGER2013\TIGER2013.gdb\BG_None\tl_2013_35_bg,STATEFP,-1,-1,C:\Workspace\TIGER2013\TIGER2013.gdb\BG_None\tl_2013_36_bg,STATEFP,-1,-1,C:\Workspace\TIGER2013\TIGER2013.gdb\BG_None\tl_2013_37_bg,STATEFP,-1,-1,C:\Workspace\TIGER2013\TIGER2013.gdb\BG_None\tl_2013_38_bg,STATEFP,-1,-1,C:\Workspace\TIGER2013\TIGER2013.gdb\BG_None\tl_2013_39_bg,STATEFP,-1,-1,C:\Workspace\TIGER2013\TIGER2013.gdb\BG_None\tl_2013_40_bg,STATEFP,-1,-1,C:\Workspace\TIGER2013\TIGER2013.gdb\BG_None\tl_2013_41_bg,STATEFP,-1,-1,C:\Workspace\TIGER2013\TIGER2013.gdb\BG_None\tl_2013_42_bg,STATEFP,-1,-1,C:\Workspace\TIGER2013\TIGER2013.gdb\BG_None\tl_2013_44_bg,STATEFP,-1,-1,C:\Workspace\TIGER2013\TIGER2013.gdb\BG_None\tl_2013_45_bg,STATEFP,-1,-1,C:\Workspace\TIGER2013\TIGER2013.gdb\BG_None\tl_2013_46_bg,STATEFP,-1,-1,C:\Workspace\TIGER2013\TIGER2013.gdb\BG_None\tl_2013_47_bg,STATEFP,-1,-1,C:\Workspace\TIGER2013\TIGER2013.gdb\BG_None\tl_2013_48_bg,STATEFP,-1,-1,C:\Workspace\TIGER2013\TIGER2013.gdb\BG_None\tl_2013_49_bg,STATEFP,-1,-1,C:\Workspace\TIGER2013\TIGER2013.gdb\BG_None\tl_2013_50_bg,STATEFP,-1,-1,C:\Workspace\TIGER2013\TIGER2013.gdb\BG_None\tl_2013_51_bg,STATEFP,-1,-1,C:\Workspace\TIGER2013\TIGER2013.gdb\BG_None\tl_2013_53_bg,STATEFP,-1,-1,C:\Workspace\TIGER2013\TIGER2013.gdb\BG_None\tl_2013_54_bg,STATEFP,-1,-1,C:\Workspace\TIGER2013\TIGER2013.gdb\BG_None\tl_2013_55_bg,STATEFP,-1,-1,C:\Workspace\TIGER2013\TIGER2013.gdb\BG_None\tl_2013_56_bg,STATEFP,-1,-1,C:\Workspace\TIGER2013\TIGER2013.gdb\BG_None\tl_2013_72_bg,STATEFP,-1,-1;COUNTYFP "COUNTYFP" true true false 3 Text 0 0 ,First,#,C:\Workspace\TIGER2013\TIGER2013.gdb\BG_None\tl_2013_01_bg,COUNTYFP,-1,-1,C:\Workspace\TIGER2013\TIGER2013.gdb\BG_None\tl_2013_02_bg,COUNTYFP,-1,-1,C:\Workspace\TIGER2013\TIGER2013.gdb\BG_None\tl_2013_04_bg,COUNTYFP,-1,-1,C:\Workspace\TIGER2013\TIGER2013.gdb\BG_None\tl_2013_05_bg,COUNTYFP,-1,-1,C:\Workspace\TIGER2013\TIGER2013.gdb\BG_None\tl_2013_06_bg,COUNTYFP,-1,-1,C:\Workspace\TIGER2013\TIGER2013.gdb\BG_None\tl_2013_08_bg,COUNTYFP,-1,-1,C:\Workspace\TIGER2013\TIGER2013.gdb\BG_None\tl_2013_09_bg,COUNTYFP,-1,-1,C:\Workspace\TIGER2013\TIGER2013.gdb\BG_None\tl_2013_10_bg,COUNTYFP,-1,-1,C:\Workspace\TIGER2013\TIGER2013.gdb\BG_None\tl_2013_11_bg,COUNTYFP,-1,-1,C:\Workspace\TIGER2013\TIGER2013.gdb\BG_None\tl_2013_12_bg,COUNTYFP,-1,-1,C:\Workspace\TIGER2013\TIGER2013.gdb\BG_None\tl_2013_13_bg,COUNTYFP,-1,-1,C:\Workspace\TIGER2013\TIGER2013.gdb\BG_None\tl_2013_15_bg,COUNTYFP,-1,-1,C:\Workspace\TIGER2013\TIGER2013.gdb\BG_None\tl_2013_16_bg,COUNTYFP,-1,-1,C:\Workspace\TIGER2013\TIGER2013.gdb\BG_None\tl_2013_17_bg,COUNTYFP,-1,-1,C:\Workspace\TIGER2013\TIGER2013.gdb\BG_None\tl_2013_18_bg,COUNTYFP,-1,-1,C:\Workspace\TIGER2013\TIGER2013.gdb\BG_None\tl_2013_19_bg,COUNTYFP,-1,-1,C:\Workspace\TIGER2013\TIGER2013.gdb\BG_None\tl_2013_20_bg,COUNTYFP,-1,-1,C:\Workspace\TIGER2013\TIGER2013.gdb\BG_None\tl_2013_21_bg,COUNTYFP,-1,-1,C:\Workspace\TIGER2013\TIGER2013.gdb\BG_None\tl_2013_22_bg,COUNTYFP,-1,-1,C:\Workspace\TIGER2013\TIGER2013.gdb\BG_None\tl_2013_23_bg,COUNTYFP,-1,-1,C:\Workspace\TIGER2013\TIGER2013.gdb\BG_None\tl_2013_24_bg,COUNTYFP,-1,-1,C:\Workspace\TIGER2013\TIGER2013.gdb\BG_None\tl_2013_25_bg,COUNTYFP,-1,-1,C:\Workspace\TIGER2013\TIGER2013.gdb\BG_None\tl_2013_26_bg,COUNTYFP,-1,-1,C:\Workspace\TIGER2013\TIGER2013.gdb\BG_None\tl_2013_27_bg,COUNTYFP,-1,-1,C:\Workspace\TIGER2013\TIGER2013.gdb\BG_None\tl_2013_28_bg,COUNTYFP,-1,-1,C:\Workspace\TIGER2013\TIGER2013.gdb\BG_None\tl_2013_29_bg,COUNTYFP,-1,-1,C:\Workspace\TIGER2013\TIGER2013.gdb\BG_None\tl_2013_30_bg,COUNTYFP,-1,-1,C:\Workspace\TIGER2013\TIGER2013.gdb\BG_None\tl_2013_31_bg,COUNTYFP,-1,-1,C:\Workspace\TIGER2013\TIGER2013.gdb\BG_None\tl_2013_32_bg,COUNTYFP,-1,-1,C:\Workspace\TIGER2013\TIGER2013.gdb\BG_None\tl_2013_33_bg,COUNTYFP,-1,-1,C:\Workspace\TIGER2013\TIGER2013.gdb\BG_None\tl_2013_34_bg,COUNTYFP,-1,-1,C:\Workspace\TIGER2013\TIGER2013.gdb\BG_None\tl_2013_35_bg,COUNTYFP,-1,-1,C:\Workspace\TIGER2013\TIGER2013.gdb\BG_None\tl_2013_36_bg,COUNTYFP,-1,-1,C:\Workspace\TIGER2013\TIGER2013.gdb\BG_None\tl_2013_37_bg,COUNTYFP,-1,-1,C:\Workspace\TIGER2013\TIGER2013.gdb\BG_None\tl_2013_38_bg,COUNTYFP,-1,-1,C:\Workspace\TIGER2013\TIGER2013.gdb\BG_None\tl_2013_39_bg,COUNTYFP,-1,-1,C:\Workspace\TIGER2013\TIGER2013.gdb\BG_None\tl_2013_40_bg,COUNTYFP,-1,-1,C:\Workspace\TIGER2013\TIGER2013.gdb\BG_None\tl_2013_41_bg,COUNTYFP,-1,-1,C:\Workspace\TIGER2013\TIGER2013.gdb\BG_None\tl_2013_42_bg,COUNTYFP,-1,-1,C:\Workspace\TIGER2013\TIGER2013.gdb\BG_None\tl_2013_44_bg,COUNTYFP,-1,-1,C:\Workspace\TIGER2013\TIGER2013.gdb\BG_None\tl_2013_45_bg,COUNTYFP,-1,-1,C:\Workspace\TIGER2013\TIGER2013.gdb\BG_None\tl_2013_46_bg,COUNTYFP,-1,-1,C:\Workspace\TIGER2013\TIGER2013.gdb\BG_None\tl_2013_47_bg,COUNTYFP,-1,-1,C:\Workspace\TIGER2013\TIGER2013.gdb\BG_None\tl_2013_48_bg,COUNTYFP,-1,-1,C:\Workspace\TIGER2013\TIGER2013.gdb\BG_None\tl_2013_49_bg,COUNTYFP,-1,-1,C:\Workspace\TIGER2013\TIGER2013.gdb\BG_None\tl_2013_50_bg,COUNTYFP,-1,-1,C:\Workspace\TIGER2013\TIGER2013.gdb\BG_None\tl_2013_51_bg,COUNTYFP,-1,-1,C:\Workspace\TIGER2013\TIGER2013.gdb\BG_None\tl_2013_53_bg,COUNTYFP,-1,-1,C:\Workspace\TIGER2013\TIGER2013.gdb\BG_None\tl_2013_54_bg,COUNTYFP,-1,-1,C:\Workspace\TIGER2013\TIGER2013.gdb\BG_None\tl_2013_55_bg,COUNTYFP,-1,-1,C:\Workspace\TIGER2013\TIGER2013.gdb\BG_None\tl_2013_56_bg,COUNTYFP,-1,-1,C:\Workspace\TIGER2013\TIGER2013.gdb\BG_None\tl_2013_72_bg,COUNTYFP,-1,-1;TRACTCE "TRACTCE" true true false 6 Text 0 0 ,First,#,C:\Workspace\TIGER2013\TIGER2013.gdb\BG_None\tl_2013_01_bg,TRACTCE,-1,-1,C:\Workspace\TIGER2013\TIGER2013.gdb\BG_None\tl_2013_02_bg,TRACTCE,-1,-1,C:\Workspace\TIGER2013\TIGER2013.gdb\BG_None\tl_2013_04_bg,TRACTCE,-1,-1,C:\Workspace\TIGER2013\TIGER2013.gdb\BG_None\tl_2013_05_bg,TRACTCE,-1,-1,C:\Workspace\TIGER2013\TIGER2013.gdb\BG_None\tl_2013_06_bg,TRACTCE,-1,-1,C:\Workspace\TIGER2013\TIGER2013.gdb\BG_None\tl_2013_08_bg,TRACTCE,-1,-1,C:\Workspace\TIGER2013\TIGER2013.gdb\BG_None\tl_2013_09_bg,TRACTCE,-1,-1,C:\Workspace\TIGER2013\TIGER2013.gdb\BG_None\tl_2013_10_bg,TRACTCE,-1,-1,C:\Workspace\TIGER2013\TIGER2013.gdb\BG_None\tl_2013_11_bg,TRACTCE,-1,-1,C:\Workspace\TIGER2013\TIGER2013.gdb\BG_None\tl_2013_12_bg,TRACTCE,-1,-1,C:\Workspace\TIGER2013\TIGER2013.gdb\BG_None\tl_2013_13_bg,TRACTCE,-1,-1,C:\Workspace\TIGER2013\TIGER2013.gdb\BG_None\tl_2013_15_bg,TRACTCE,-1,-1,C:\Workspace\TIGER2013\TIGER2013.gdb\BG_None\tl_2013_16_bg,TRACTCE,-1,-1,C:\Workspace\TIGER2013\TIGER2013.gdb\BG_None\tl_2013_17_bg,TRACTCE,-1,-1,C:\Workspace\TIGER2013\TIGER2013.gdb\BG_None\tl_2013_18_bg,TRACTCE,-1,-1,C:\Workspace\TIGER2013\TIGER2013.gdb\BG_None\tl_2013_19_bg,TRACTCE,-1,-1,C:\Workspace\TIGER2013\TIGER2013.gdb\BG_None\tl_2013_20_bg,TRACTCE,-1,-1,C:\Workspace\TIGER2013\TIGER2013.gdb\BG_None\tl_2013_21_bg,TRACTCE,-1,-1,C:\Workspace\TIGER2013\TIGER2013.gdb\BG_None\tl_2013_22_bg,TRACTCE,-1,-1,C:\Workspace\TIGER2013\TIGER2013.gdb\BG_None\tl_2013_23_bg,TRACTCE,-1,-1,C:\Workspace\TIGER2013\TIGER2013.gdb\BG_None\tl_2013_24_bg,TRACTCE,-1,-1,C:\Workspace\TIGER2013\TIGER2013.gdb\BG_None\tl_2013_25_bg,TRACTCE,-1,-1,C:\Workspace\TIGER2013\TIGER2013.gdb\BG_None\tl_2013_26_bg,TRACTCE,-1,-1,C:\Workspace\TIGER2013\TIGER2013.gdb\BG_None\tl_2013_27_bg,TRACTCE,-1,-1,C:\Workspace\TIGER2013\TIGER2013.gdb\BG_None\tl_2013_28_bg,TRACTCE,-1,-1,C:\Workspace\TIGER2013\TIGER2013.gdb\BG_None\tl_2013_29_bg,TRACTCE,-1,-1,C:\Workspace\TIGER2013\TIGER2013.gdb\BG_None\tl_2013_30_bg,TRACTCE,-1,-1,C:\Workspace\TIGER2013\TIGER2013.gdb\BG_None\tl_2013_31_bg,TRACTCE,-1,-1,C:\Workspace\TIGER2013\TIGER2013.gdb\BG_None\tl_2013_32_bg,TRACTCE,-1,-1,C:\Workspace\TIGER2013\TIGER2013.gdb\BG_None\tl_2013_33_bg,TRACTCE,-1,-1,C:\Workspace\TIGER2013\TIGER2013.gdb\BG_None\tl_2013_34_bg,TRACTCE,-1,-1,C:\Workspace\TIGER2013\TIGER2013.gdb\BG_None\tl_2013_35_bg,TRACTCE,-1,-1,C:\Workspace\TIGER2013\TIGER2013.gdb\BG_None\tl_2013_36_bg,TRACTCE,-1,-1,C:\Workspace\TIGER2013\TIGER2013.gdb\BG_None\tl_2013_37_bg,TRACTCE,-1,-1,C:\Workspace\TIGER2013\TIGER2013.gdb\BG_None\tl_2013_38_bg,TRACTCE,-1,-1,C:\Workspace\TIGER2013\TIGER2013.gdb\BG_None\tl_2013_39_bg,TRACTCE,-1,-1,C:\Workspace\TIGER2013\TIGER2013.gdb\BG_None\tl_2013_40_bg,TRACTCE,-1,-1,C:\Workspace\TIGER2013\TIGER2013.gdb\BG_None\tl_2013_41_bg,TRACTCE,-1,-1,C:\Workspace\TIGER2013\TIGER2013.gdb\BG_None\tl_2013_42_bg,TRACTCE,-1,-1,C:\Workspace\TIGER2013\TIGER2013.gdb\BG_None\tl_2013_44_bg,TRACTCE,-1,-1,C:\Workspace\TIGER2013\TIGER2013.gdb\BG_None\tl_2013_45_bg,TRACTCE,-1,-1,C:\Workspace\TIGER2013\TIGER2013.gdb\BG_None\tl_2013_46_bg,TRACTCE,-1,-1,C:\Workspace\TIGER2013\TIGER2013.gdb\BG_None\tl_2013_47_bg,TRACTCE,-1,-1,C:\Workspace\TIGER2013\TIGER2013.gdb\BG_None\tl_2013_48_bg,TRACTCE,-1,-1,C:\Workspace\TIGER2013\TIGER2013.gdb\BG_None\tl_2013_49_bg,TRACTCE,-1,-1,C:\Workspace\TIGER2013\TIGER2013.gdb\BG_None\tl_2013_50_bg,TRACTCE,-1,-1,C:\Workspace\TIGER2013\TIGER2013.gdb\BG_None\tl_2013_51_bg,TRACTCE,-1,-1,C:\Workspace\TIGER2013\TIGER2013.gdb\BG_None\tl_2013_53_bg,TRACTCE,-1,-1,C:\Workspace\TIGER2013\TIGER2013.gdb\BG_None\tl_2013_54_bg,TRACTCE,-1,-1,C:\Workspace\TIGER2013\TIGER2013.gdb\BG_None\tl_2013_55_bg,TRACTCE,-1,-1,C:\Workspace\TIGER2013\TIGER2013.gdb\BG_None\tl_2013_56_bg,TRACTCE,-1,-1,C:\Workspace\TIGER2013\TIGER2013.gdb\BG_None\tl_2013_72_bg,TRACTCE,-1,-1;BLKGRPCE "BLKGRPCE" true true false 1 Text 0 0 ,First,#,C:\Workspace\TIGER2013\TIGER2013.gdb\BG_None\tl_2013_01_bg,BLKGRPCE,-1,-1,C:\Workspace\TIGER2013\TIGER2013.gdb\BG_None\tl_2013_02_bg,BLKGRPCE,-1,-1,C:\Workspace\TIGER2013\TIGER2013.gdb\BG_None\tl_2013_04_bg,BLKGRPCE,-1,-1,C:\Workspace\TIGER2013\TIGER2013.gdb\BG_None\tl_2013_05_bg,BLKGRPCE,-1,-1,C:\Workspace\TIGER2013\TIGER2013.gdb\BG_None\tl_2013_06_bg,BLKGRPCE,-1,-1,C:\Workspace\TIGER2013\TIGER2013.gdb\BG_None\tl_2013_08_bg,BLKGRPCE,-1,-1,C:\Workspace\TIGER2013\TIGER2013.gdb\BG_None\tl_2013_09_bg,BLKGRPCE,-1,-1,C:\Workspace\TIGER2013\TIGER2013.gdb\BG_None\tl_2013_10_bg,BLKGRPCE,-1,-1,C:\Workspace\TIGER2013\TIGER2013.gdb\BG_None\tl_2013_11_bg,BLKGRPCE,-1,-1,C:\Workspace\TIGER2013\TIGER2013.gdb\BG_None\tl_2013_12_bg,BLKGRPCE,-1,-1,C:\Workspace\TIGER2013\TIGER2013.gdb\BG_None\tl_2013_13_bg,BLKGRPCE,-1,-1,C:\Workspace\TIGER2013\TIGER2013.gdb\BG_None\tl_2013_15_bg,BLKGRPCE,-1,-1,C:\Workspace\TIGER2013\TIGER2013.gdb\BG_None\tl_2013_16_bg,BLKGRPCE,-1,-1,C:\Workspace\TIGER2013\TIGER2013.gdb\BG_None\tl_2013_17_bg,BLKGRPCE,-1,-1,C:\Workspace\TIGER2013\TIGER2013.gdb\BG_None\tl_2013_18_bg,BLKGRPCE,-1,-1,C:\Workspace\TIGER2013\TIGER2013.gdb\BG_None\tl_2013_19_bg,BLKGRPCE,-1,-1,C:\Workspace\TIGER2013\TIGER2013.gdb\BG_None\tl_2013_20_bg,BLKGRPCE,-1,-1,C:\Workspace\TIGER2013\TIGER2013.gdb\BG_None\tl_2013_21_bg,BLKGRPCE,-1,-1,C:\Workspace\TIGER2013\TIGER2013.gdb\BG_None\tl_2013_22_bg,BLKGRPCE,-1,-1,C:\Workspace\TIGER2013\TIGER2013.gdb\BG_None\tl_2013_23_bg,BLKGRPCE,-1,-1,C:\Workspace\TIGER2013\TIGER2013.gdb\BG_None\tl_2013_24_bg,BLKGRPCE,-1,-1,C:\Workspace\TIGER2013\TIGER2013.gdb\BG_None\tl_2013_25_bg,BLKGRPCE,-1,-1,C:\Workspace\TIGER2013\TIGER2013.gdb\BG_None\tl_2013_26_bg,BLKGRPCE,-1,-1,C:\Workspace\TIGER2013\TIGER2013.gdb\BG_None\tl_2013_27_bg,BLKGRPCE,-1,-1,C:\Workspace\TIGER2013\TIGER2013.gdb\BG_None\tl_2013_28_bg,BLKGRPCE,-1,-1,C:\Workspace\TIGER2013\TIGER2013.gdb\BG_None\tl_2013_29_bg,BLKGRPCE,-1,-1,C:\Workspace\TIGER2013\TIGER2013.gdb\BG_None\tl_2013_30_bg,BLKGRPCE,-1,-1,C:\Workspace\TIGER2013\TIGER2013.gdb\BG_None\tl_2013_31_bg,BLKGRPCE,-1,-1,C:\Workspace\TIGER2013\TIGER2013.gdb\BG_None\tl_2013_32_bg,BLKGRPCE,-1,-1,C:\Workspace\TIGER2013\TIGER2013.gdb\BG_None\tl_2013_33_bg,BLKGRPCE,-1,-1,C:\Workspace\TIGER2013\TIGER2013.gdb\BG_None\tl_2013_34_bg,BLKGRPCE,-1,-1,C:\Workspace\TIGER2013\TIGER2013.gdb\BG_None\tl_2013_35_bg,BLKGRPCE,-1,-1,C:\Workspace\TIGER2013\TIGER2013.gdb\BG_None\tl_2013_36_bg,BLKGRPCE,-1,-1,C:\Workspace\TIGER2013\TIGER2013.gdb\BG_None\tl_2013_37_bg,BLKGRPCE,-1,-1,C:\Workspace\TIGER2013\TIGER2013.gdb\BG_None\tl_2013_38_bg,BLKGRPCE,-1,-1,C:\Workspace\TIGER2013\TIGER2013.gdb\BG_None\tl_2013_39_bg,BLKGRPCE,-1,-1,C:\Workspace\TIGER2013\TIGER2013.gdb\BG_None\tl_2013_40_bg,BLKGRPCE,-1,-1,C:\Workspace\TIGER2013\TIGER2013.gdb\BG_None\tl_2013_41_bg,BLKGRPCE,-1,-1,C:\Workspace\TIGER2013\TIGER2013.gdb\BG_None\tl_2013_42_bg,BLKGRPCE,-1,-1,C:\Workspace\TIGER2013\TIGER2013.gdb\BG_None\tl_2013_44_bg,BLKGRPCE,-1,-1,C:\Workspace\TIGER2013\TIGER2013.gdb\BG_None\tl_2013_45_bg,BLKGRPCE,-1,-1,C:\Workspace\TIGER2013\TIGER2013.gdb\BG_None\tl_2013_46_bg,BLKGRPCE,-1,-1,C:\Workspace\TIGER2013\TIGER2013.gdb\BG_None\tl_2013_47_bg,BLKGRPCE,-1,-1,C:\Workspace\TIGER2013\TIGER2013.gdb\BG_None\tl_2013_48_bg,BLKGRPCE,-1,-1,C:\Workspace\TIGER2013\TIGER2013.gdb\BG_None\tl_2013_49_bg,BLKGRPCE,-1,-1,C:\Workspace\TIGER2013\TIGER2013.gdb\BG_None\tl_2013_50_bg,BLKGRPCE,-1,-1,C:\Workspace\TIGER2013\TIGER2013.gdb\BG_None\tl_2013_51_bg,BLKGRPCE,-1,-1,C:\Workspace\TIGER2013\TIGER2013.gdb\BG_None\tl_2013_53_bg,BLKGRPCE,-1,-1,C:\Workspace\TIGER2013\TIGER2013.gdb\BG_None\tl_2013_54_bg,BLKGRPCE,-1,-1,C:\Workspace\TIGER2013\TIGER2013.gdb\BG_None\tl_2013_55_bg,BLKGRPCE,-1,-1,C:\Workspace\TIGER2013\TIGER2013.gdb\BG_None\tl_2013_56_bg,BLKGRPCE,-1,-1,C:\Workspace\TIGER2013\TIGER2013.gdb\BG_None\tl_2013_72_bg,BLKGRPCE,-1,-1;GEOID "GEOID" true true false 12 Text 0 0 ,First,#,C:\Workspace\TIGER2013\TIGER2013.gdb\BG_None\tl_2013_01_bg,GEOID,-1,-1,C:\Workspace\TIGER2013\TIGER2013.gdb\BG_None\tl_2013_02_bg,GEOID,-1,-1,C:\Workspace\TIGER2013\TIGER2013.gdb\BG_None\tl_2013_04_bg,GEOID,-1,-1,C:\Workspace\TIGER2013\TIGER2013.gdb\BG_None\tl_2013_05_bg,GEOID,-1,-1,C:\Workspace\TIGER2013\TIGER2013.gdb\BG_None\tl_2013_06_bg,GEOID,-1,-1,C:\Workspace\TIGER2013\TIGER2013.gdb\BG_None\tl_2013_08_bg,GEOID,-1,-1,C:\Workspace\TIGER2013\TIGER2013.gdb\BG_None\tl_2013_09_bg,GEOID,-1,-1,C:\Workspace\TIGER2013\TIGER2013.gdb\BG_None\tl_2013_10_bg,GEOID,-1,-1,C:\Workspace\TIGER2013\TIGER2013.gdb\BG_None\tl_2013_11_bg,GEOID,-1,-1,C:\Workspace\TIGER2013\TIGER2013.gdb\BG_None\tl_2013_12_bg,GEOID,-1,-1,C:\Workspace\TIGER2013\TIGER2013.gdb\BG_None\tl_2013_13_bg,GEOID,-1,-1,C:\Workspace\TIGER2013\TIGER2013.gdb\BG_None\tl_2013_15_bg,GEOID,-1,-1,C:\Workspace\TIGER2013\TIGER2013.gdb\BG_None\tl_2013_16_bg,GEOID,-1,-1,C:\Workspace\TIGER2013\TIGER2013.gdb\BG_None\tl_2013_17_bg,GEOID,-1,-1,C:\Workspace\TIGER2013\TIGER2013.gdb\BG_None\tl_2013_18_bg,GEOID,-1,-1,C:\Workspace\TIGER2013\TIGER2013.gdb\BG_None\tl_2013_19_bg,GEOID,-1,-1,C:\Workspace\TIGER2013\TIGER2013.gdb\BG_None\tl_2013_20_bg,GEOID,-1,-1,C:\Workspace\TIGER2013\TIGER2013.gdb\BG_None\tl_2013_21_bg,GEOID,-1,-1,C:\Workspace\TIGER2013\TIGER2013.gdb\BG_None\tl_2013_22_bg,GEOID,-1,-1,C:\Workspace\TIGER2013\TIGER2013.gdb\BG_None\tl_2013_23_bg,GEOID,-1,-1,C:\Workspace\TIGER2013\TIGER2013.gdb\BG_None\tl_2013_24_bg,GEOID,-1,-1,C:\Workspace\TIGER2013\TIGER2013.gdb\BG_None\tl_2013_25_bg,GEOID,-1,-1,C:\Workspace\TIGER2013\TIGER2013.gdb\BG_None\tl_2013_26_bg,GEOID,-1,-1,C:\Workspace\TIGER2013\TIGER2013.gdb\BG_None\tl_2013_27_bg,GEOID,-1,-1,C:\Workspace\TIGER2013\TIGER2013.gdb\BG_None\tl_2013_28_bg,GEOID,-1,-1,C:\Workspace\TIGER2013\TIGER2013.gdb\BG_None\tl_2013_29_bg,GEOID,-1,-1,C:\Workspace\TIGER2013\TIGER2013.gdb\BG_None\tl_2013_30_bg,GEOID,-1,-1,C:\Workspace\TIGER2013\TIGER2013.gdb\BG_None\tl_2013_31_bg,GEOID,-1,-1,C:\Workspace\TIGER2013\TIGER2013.gdb\BG_None\tl_2013_32_bg,GEOID,-1,-1,C:\Workspace\TIGER2013\TIGER2013.gdb\BG_None\tl_2013_33_bg,GEOID,-1,-1,C:\Workspace\TIGER2013\TIGER2013.gdb\BG_None\tl_2013_34_bg,GEOID,-1,-1,C:\Workspace\TIGER2013\TIGER2013.gdb\BG_None\tl_2013_35_bg,GEOID,-1,-1,C:\Workspace\TIGER2013\TIGER2013.gdb\BG_None\tl_2013_36_bg,GEOID,-1,-1,C:\Workspace\TIGER2013\TIGER2013.gdb\BG_None\tl_2013_37_bg,GEOID,-1,-1,C:\Workspace\TIGER2013\TIGER2013.gdb\BG_None\tl_2013_38_bg,GEOID,-1,-1,C:\Workspace\TIGER2013\TIGER2013.gdb\BG_None\tl_2013_39_bg,GEOID,-1,-1,C:\Workspace\TIGER2013\TIGER2013.gdb\BG_None\tl_2013_40_bg,GEOID,-1,-1,C:\Workspace\TIGER2013\TIGER2013.gdb\BG_None\tl_2013_41_bg,GEOID,-1,-1,C:\Workspace\TIGER2013\TIGER2013.gdb\BG_None\tl_2013_42_bg,GEOID,-1,-1,C:\Workspace\TIGER2013\TIGER2013.gdb\BG_None\tl_2013_44_bg,GEOID,-1,-1,C:\Workspace\TIGER2013\TIGER2013.gdb\BG_None\tl_2013_45_bg,GEOID,-1,-1,C:\Workspace\TIGER2013\TIGER2013.gdb\BG_None\tl_2013_46_bg,GEOID,-1,-1,C:\Workspace\TIGER2013\TIGER2013.gdb\BG_None\tl_2013_47_bg,GEOID,-1,-1,C:\Workspace\TIGER2013\TIGER2013.gdb\BG_None\tl_2013_48_bg,GEOID,-1,-1,C:\Workspace\TIGER2013\TIGER2013.gdb\BG_None\tl_2013_49_bg,GEOID,-1,-1,C:\Workspace\TIGER2013\TIGER2013.gdb\BG_None\tl_2013_50_bg,GEOID,-1,-1,C:\Workspace\TIGER2013\TIGER2013.gdb\BG_None\tl_2013_51_bg,GEOID,-1,-1,C:\Workspace\TIGER2013\TIGER2013.gdb\BG_None\tl_2013_53_bg,GEOID,-1,-1,C:\Workspace\TIGER2013\TIGER2013.gdb\BG_None\tl_2013_54_bg,GEOID,-1,-1,C:\Workspace\TIGER2013\TIGER2013.gdb\BG_None\tl_2013_55_bg,GEOID,-1,-1,C:\Workspace\TIGER2013\TIGER2013.gdb\BG_None\tl_2013_56_bg,GEOID,-1,-1,C:\Workspace\TIGER2013\TIGER2013.gdb\BG_None\tl_2013_72_bg,GEOID,-1,-1;NAMELSAD "NAMELSAD" true true false 13 Text 0 0 ,First,#,C:\Workspace\TIGER2013\TIGER2013.gdb\BG_None\tl_2013_01_bg,NAMELSAD,-1,-1,C:\Workspace\TIGER2013\TIGER2013.gdb\BG_None\tl_2013_02_bg,NAMELSAD,-1,-1,C:\Workspace\TIGER2013\TIGER2013.gdb\BG_None\tl_2013_04_bg,NAMELSAD,-1,-1,C:\Workspace\TIGER2013\TIGER2013.gdb\BG_None\tl_2013_05_bg,NAMELSAD,-1,-1,C:\Workspace\TIGER2013\TIGER2013.gdb\BG_None\tl_2013_06_bg,NAMELSAD,-1,-1,C:\Workspace\TIGER2013\TIGER2013.gdb\BG_None\tl_2013_08_bg,NAMELSAD,-1,-1,C:\Workspace\TIGER2013\TIGER2013.gdb\BG_None\tl_2013_09_bg,NAMELSAD,-1,-1,C:\Workspace\TIGER2013\TIGER2013.gdb\BG_None\tl_2013_10_bg,NAMELSAD,-1,-1,C:\Workspace\TIGER2013\TIGER2013.gdb\BG_None\tl_2013_11_bg,NAMELSAD,-1,-1,C:\Workspace\TIGER2013\TIGER2013.gdb\BG_None\tl_2013_12_bg,NAMELSAD,-1,-1,C:\Workspace\TIGER2013\TIGER2013.gdb\BG_None\tl_2013_13_bg,NAMELSAD,-1,-1,C:\Workspace\TIGER2013\TIGER2013.gdb\BG_None\tl_2013_15_bg,NAMELSAD,-1,-1,C:\Workspace\TIGER2013\TIGER2013.gdb\BG_None\tl_2013_16_bg,NAMELSAD,-1,-1,C:\Workspace\TIGER2013\TIGER2013.gdb\BG_None\tl_2013_17_bg,NAMELSAD,-1,-1,C:\Workspace\TIGER2013\TIGER2013.gdb\BG_None\tl_2013_18_bg,NAMELSAD,-1,-1,C:\Workspace\TIGER2013\TIGER2013.gdb\BG_None\tl_2013_19_bg,NAMELSAD,-1,-1,C:\Workspace\TIGER2013\TIGER2013.gdb\BG_None\tl_2013_20_bg,NAMELSAD,-1,-1,C:\Workspace\TIGER2013\TIGER2013.gdb\BG_None\tl_2013_21_bg,NAMELSAD,-1,-1,C:\Workspace\TIGER2013\TIGER2013.gdb\BG_None\tl_2013_22_bg,NAMELSAD,-1,-1,C:\Workspace\TIGER2013\TIGER2013.gdb\BG_None\tl_2013_23_bg,NAMELSAD,-1,-1,C:\Workspace\TIGER2013\TIGER2013.gdb\BG_None\tl_2013_24_bg,NAMELSAD,-1,-1,C:\Workspace\TIGER2013\TIGER2013.gdb\BG_None\tl_2013_25_bg,NAMELSAD,-1,-1,C:\Workspace\TIGER2013\TIGER2013.gdb\BG_None\tl_2013_26_bg,NAMELSAD,-1,-1,C:\Workspace\TIGER2013\TIGER2013.gdb\BG_None\tl_2013_27_bg,NAMELSAD,-1,-1,C:\Workspace\TIGER2013\TIGER2013.gdb\BG_None\tl_2013_28_bg,NAMELSAD,-1,-1,C:\Workspace\TIGER2013\TIGER2013.gdb\BG_None\tl_2013_29_bg,NAMELSAD,-1,-1,C:\Workspace\TIGER2013\TIGER2013.gdb\BG_None\tl_2013_30_bg,NAMELSAD,-1,-1,C:\Workspace\TIGER2013\TIGER2013.gdb\BG_None\tl_2013_31_bg,NAMELSAD,-1,-1,C:\Workspace\TIGER2013\TIGER2013.gdb\BG_None\tl_2013_32_bg,NAMELSAD,-1,-1,C:\Workspace\TIGER2013\TIGER2013.gdb\BG_None\tl_2013_33_bg,NAMELSAD,-1,-1,C:\Workspace\TIGER2013\TIGER2013.gdb\BG_None\tl_2013_34_bg,NAMELSAD,-1,-1,C:\Workspace\TIGER2013\TIGER2013.gdb\BG_None\tl_2013_35_bg,NAMELSAD,-1,-1,C:\Workspace\TIGER2013\TIGER2013.gdb\BG_None\tl_2013_36_bg,NAMELSAD,-1,-1,C:\Workspace\TIGER2013\TIGER2013.gdb\BG_None\tl_2013_37_bg,NAMELSAD,-1,-1,C:\Workspace\TIGER2013\TIGER2013.gdb\BG_None\tl_2013_38_bg,NAMELSAD,-1,-1,C:\Workspace\TIGER2013\TIGER2013.gdb\BG_None\tl_2013_39_bg,NAMELSAD,-1,-1,C:\Workspace\TIGER2013\TIGER2013.gdb\BG_None\tl_2013_40_bg,NAMELSAD,-1,-1,C:\Workspace\TIGER2013\TIGER2013.gdb\BG_None\tl_2013_41_bg,NAMELSAD,-1,-1,C:\Workspace\TIGER2013\TIGER2013.gdb\BG_None\tl_2013_42_bg,NAMELSAD,-1,-1,C:\Workspace\TIGER2013\TIGER2013.gdb\BG_None\tl_2013_44_bg,NAMELSAD,-1,-1,C:\Workspace\TIGER2013\TIGER2013.gdb\BG_None\tl_2013_45_bg,NAMELSAD,-1,-1,C:\Workspace\TIGER2013\TIGER2013.gdb\BG_None\tl_2013_46_bg,NAMELSAD,-1,-1,C:\Workspace\TIGER2013\TIGER2013.gdb\BG_None\tl_2013_47_bg,NAMELSAD,-1,-1,C:\Workspace\TIGER2013\TIGER2013.gdb\BG_None\tl_2013_48_bg,NAMELSAD,-1,-1,C:\Workspace\TIGER2013\TIGER2013.gdb\BG_None\tl_2013_49_bg,NAMELSAD,-1,-1,C:\Workspace\TIGER2013\TIGER2013.gdb\BG_None\tl_2013_50_bg,NAMELSAD,-1,-1,C:\Workspace\TIGER2013\TIGER2013.gdb\BG_None\tl_2013_51_bg,NAMELSAD,-1,-1,C:\Workspace\TIGER2013\TIGER2013.gdb\BG_None\tl_2013_53_bg,NAMELSAD,-1,-1,C:\Workspace\TIGER2013\TIGER2013.gdb\BG_None\tl_2013_54_bg,NAMELSAD,-1,-1,C:\Workspace\TIGER2013\TIGER2013.gdb\BG_None\tl_2013_55_bg,NAMELSAD,-1,-1,C:\Workspace\TIGER2013\TIGER2013.gdb\BG_None\tl_2013_56_bg,NAMELSAD,-1,-1,C:\Workspace\TIGER2013\TIGER2013.gdb\BG_None\tl_2013_72_bg,NAMELSAD,-1,-1;MTFCC "MTFCC" true true false 5 Text 0 0 ,First,#,C:\Workspace\TIGER2013\TIGER2013.gdb\BG_None\tl_2013_01_bg,MTFCC,-1,-1,C:\Workspace\TIGER2013\TIGER2013.gdb\BG_None\tl_2013_02_bg,MTFCC,-1,-1,C:\Workspace\TIGER2013\TIGER2013.gdb\BG_None\tl_2013_04_bg,MTFCC,-1,-1,C:\Workspace\TIGER2013\TIGER2013.gdb\BG_None\tl_2013_05_bg,MTFCC,-1,-1,C:\Workspace\TIGER2013\TIGER2013.gdb\BG_None\tl_2013_06_bg,MTFCC,-1,-1,C:\Workspace\TIGER2013\TIGER2013.gdb\BG_None\tl_2013_08_bg,MTFCC,-1,-1,C:\Workspace\TIGER2013\TIGER2013.gdb\BG_None\tl_2013_09_bg,MTFCC,-1,-1,C:\Workspace\TIGER2013\TIGER2013.gdb\BG_None\tl_2013_10_bg,MTFCC,-1,-1,C:\Workspace\TIGER2013\TIGER2013.gdb\BG_None\tl_2013_11_bg,MTFCC,-1,-1,C:\Workspace\TIGER2013\TIGER2013.gdb\BG_None\tl_2013_12_bg,MTFCC,-1,-1,C:\Workspace\TIGER2013\TIGER2013.gdb\BG_None\tl_2013_13_bg,MTFCC,-1,-1,C:\Workspace\TIGER2013\TIGER2013.gdb\BG_None\tl_2013_15_bg,MTFCC,-1,-1,C:\Workspace\TIGER2013\TIGER2013.gdb\BG_None\tl_2013_16_bg,MTFCC,-1,-1,C:\Workspace\TIGER2013\TIGER2013.gdb\BG_None\tl_2013_17_bg,MTFCC,-1,-1,C:\Workspace\TIGER2013\TIGER2013.gdb\BG_None\tl_2013_18_bg,MTFCC,-1,-1,C:\Workspace\TIGER2013\TIGER2013.gdb\BG_None\tl_2013_19_bg,MTFCC,-1,-1,C:\Workspace\TIGER2013\TIGER2013.gdb\BG_None\tl_2013_20_bg,MTFCC,-1,-1,C:\Workspace\TIGER2013\TIGER2013.gdb\BG_None\tl_2013_21_bg,MTFCC,-1,-1,C:\Workspace\TIGER2013\TIGER2013.gdb\BG_None\tl_2013_22_bg,MTFCC,-1,-1,C:\Workspace\TIGER2013\TIGER2013.gdb\BG_None\tl_2013_23_bg,MTFCC,-1,-1,C:\Workspace\TIGER2013\TIGER2013.gdb\BG_None\tl_2013_24_bg,MTFCC,-1,-1,C:\Workspace\TIGER2013\TIGER2013.gdb\BG_None\tl_2013_25_bg,MTFCC,-1,-1,C:\Workspace\TIGER2013\TIGER2013.gdb\BG_None\tl_2013_26_bg,MTFCC,-1,-1,C:\Workspace\TIGER2013\TIGER2013.gdb\BG_None\tl_2013_27_bg,MTFCC,-1,-1,C:\Workspace\TIGER2013\TIGER2013.gdb\BG_None\tl_2013_28_bg,MTFCC,-1,-1,C:\Workspace\TIGER2013\TIGER2013.gdb\BG_None\tl_2013_29_bg,MTFCC,-1,-1,C:\Workspace\TIGER2013\TIGER2013.gdb\BG_None\tl_2013_30_bg,MTFCC,-1,-1,C:\Workspace\TIGER2013\TIGER2013.gdb\BG_None\tl_2013_31_bg,MTFCC,-1,-1,C:\Workspace\TIGER2013\TIGER2013.gdb\BG_None\tl_2013_32_bg,MTFCC,-1,-1,C:\Workspace\TIGER2013\TIGER2013.gdb\BG_None\tl_2013_33_bg,MTFCC,-1,-1,C:\Workspace\TIGER2013\TIGER2013.gdb\BG_None\tl_2013_34_bg,MTFCC,-1,-1,C:\Workspace\TIGER2013\TIGER2013.gdb\BG_None\tl_2013_35_bg,MTFCC,-1,-1,C:\Workspace\TIGER2013\TIGER2013.gdb\BG_None\tl_2013_36_bg,MTFCC,-1,-1,C:\Workspace\TIGER2013\TIGER2013.gdb\BG_None\tl_2013_37_bg,MTFCC,-1,-1,C:\Workspace\TIGER2013\TIGER2013.gdb\BG_None\tl_2013_38_bg,MTFCC,-1,-1,C:\Workspace\TIGER2013\TIGER2013.gdb\BG_None\tl_2013_39_bg,MTFCC,-1,-1,C:\Workspace\TIGER2013\TIGER2013.gdb\BG_None\tl_2013_40_bg,MTFCC,-1,-1,C:\Workspace\TIGER2013\TIGER2013.gdb\BG_None\tl_2013_41_bg,MTFCC,-1,-1,C:\Workspace\TIGER2013\TIGER2013.gdb\BG_None\tl_2013_42_bg,MTFCC,-1,-1,C:\Workspace\TIGER2013\TIGER2013.gdb\BG_None\tl_2013_44_bg,MTFCC,-1,-1,C:\Workspace\TIGER2013\TIGER2013.gdb\BG_None\tl_2013_45_bg,MTFCC,-1,-1,C:\Workspace\TIGER2013\TIGER2013.gdb\BG_None\tl_2013_46_bg,MTFCC,-1,-1,C:\Workspace\TIGER2013\TIGER2013.gdb\BG_None\tl_2013_47_bg,MTFCC,-1,-1,C:\Workspace\TIGER2013\TIGER2013.gdb\BG_None\tl_2013_48_bg,MTFCC,-1,-1,C:\Workspace\TIGER2013\TIGER2013.gdb\BG_None\tl_2013_49_bg,MTFCC,-1,-1,C:\Workspace\TIGER2013\TIGER2013.gdb\BG_None\tl_2013_50_bg,MTFCC,-1,-1,C:\Workspace\TIGER2013\TIGER2013.gdb\BG_None\tl_2013_51_bg,MTFCC,-1,-1,C:\Workspace\TIGER2013\TIGER2013.gdb\BG_None\tl_2013_53_bg,MTFCC,-1,-1,C:\Workspace\TIGER2013\TIGER2013.gdb\BG_None\tl_2013_54_bg,MTFCC,-1,-1,C:\Workspace\TIGER2013\TIGER2013.gdb\BG_None\tl_2013_55_bg,MTFCC,-1,-1,C:\Workspace\TIGER2013\TIGER2013.gdb\BG_None\tl_2013_56_bg,MTFCC,-1,-1,C:\Workspace\TIGER2013\TIGER2013.gdb\BG_None\tl_2013_72_bg,MTFCC,-1,-1;FUNCSTAT "FUNCSTAT" true true false 1 Text 0 0 ,First,#,C:\Workspace\TIGER2013\TIGER2013.gdb\BG_None\tl_2013_01_bg,FUNCSTAT,-1,-1,C:\Workspace\TIGER2013\TIGER2013.gdb\BG_None\tl_2013_02_bg,FUNCSTAT,-1,-1,C:\Workspace\TIGER2013\TIGER2013.gdb\BG_None\tl_2013_04_bg,FUNCSTAT,-1,-1,C:\Workspace\TIGER2013\TIGER2013.gdb\BG_None\tl_2013_05_bg,FUNCSTAT,-1,-1,C:\Workspace\TIGER2013\TIGER2013.gdb\BG_None\tl_2013_06_bg,FUNCSTAT,-1,-1,C:\Workspace\TIGER2013\TIGER2013.gdb\BG_None\tl_2013_08_bg,FUNCSTAT,-1,-1,C:\Workspace\TIGER2013\TIGER2013.gdb\BG_None\tl_2013_09_bg,FUNCSTAT,-1,-1,C:\Workspace\TIGER2013\TIGER2013.gdb\BG_None\tl_2013_10_bg,FUNCSTAT,-1,-1,C:\Workspace\TIGER2013\TIGER2013.gdb\BG_None\tl_2013_11_bg,FUNCSTAT,-1,-1,C:\Workspace\TIGER2013\TIGER2013.gdb\BG_None\tl_2013_12_bg,FUNCSTAT,-1,-1,C:\Workspace\TIGER2013\TIGER2013.gdb\BG_None\tl_2013_13_bg,FUNCSTAT,-1,-1,C:\Workspace\TIGER2013\TIGER2013.gdb\BG_None\tl_2013_15_bg,FUNCSTAT,-1,-1,C:\Workspace\TIGER2013\TIGER2013.gdb\BG_None\tl_2013_16_bg,FUNCSTAT,-1,-1,C:\Workspace\TIGER2013\TIGER2013.gdb\BG_None\tl_2013_17_bg,FUNCSTAT,-1,-1,C:\Workspace\TIGER2013\TIGER2013.gdb\BG_None\tl_2013_18_bg,FUNCSTAT,-1,-1,C:\Workspace\TIGER2013\TIGER2013.gdb\BG_None\tl_2013_19_bg,FUNCSTAT,-1,-1,C:\Workspace\TIGER2013\TIGER2013.gdb\BG_None\tl_2013_20_bg,FUNCSTAT,-1,-1,C:\Workspace\TIGER2013\TIGER2013.gdb\BG_None\tl_2013_21_bg,FUNCSTAT,-1,-1,C:\Workspace\TIGER2013\TIGER2013.gdb\BG_None\tl_2013_22_bg,FUNCSTAT,-1,-1,C:\Workspace\TIGER2013\TIGER2013.gdb\BG_None\tl_2013_23_bg,FUNCSTAT,-1,-1,C:\Workspace\TIGER2013\TIGER2013.gdb\BG_None\tl_2013_24_bg,FUNCSTAT,-1,-1,C:\Workspace\TIGER2013\TIGER2013.gdb\BG_None\tl_2013_25_bg,FUNCSTAT,-1,-1,C:\Workspace\TIGER2013\TIGER2013.gdb\BG_None\tl_2013_26_bg,FUNCSTAT,-1,-1,C:\Workspace\TIGER2013\TIGER2013.gdb\BG_None\tl_2013_27_bg,FUNCSTAT,-1,-1,C:\Workspace\TIGER2013\TIGER2013.gdb\BG_None\tl_2013_28_bg,FUNCSTAT,-1,-1,C:\Workspace\TIGER2013\TIGER2013.gdb\BG_None\tl_2013_29_bg,FUNCSTAT,-1,-1,C:\Workspace\TIGER2013\TIGER2013.gdb\BG_None\tl_2013_30_bg,FUNCSTAT,-1,-1,C:\Workspace\TIGER2013\TIGER2013.gdb\BG_None\tl_2013_31_bg,FUNCSTAT,-1,-1,C:\Workspace\TIGER2013\TIGER2013.gdb\BG_None\tl_2013_32_bg,FUNCSTAT,-1,-1,C:\Workspace\TIGER2013\TIGER2013.gdb\BG_None\tl_2013_33_bg,FUNCSTAT,-1,-1,C:\Workspace\TIGER2013\TIGER2013.gdb\BG_None\tl_2013_34_bg,FUNCSTAT,-1,-1,C:\Workspace\TIGER2013\TIGER2013.gdb\BG_None\tl_2013_35_bg,FUNCSTAT,-1,-1,C:\Workspace\TIGER2013\TIGER2013.gdb\BG_None\tl_2013_36_bg,FUNCSTAT,-1,-1,C:\Workspace\TIGER2013\TIGER2013.gdb\BG_None\tl_2013_37_bg,FUNCSTAT,-1,-1,C:\Workspace\TIGER2013\TIGER2013.gdb\BG_None\tl_2013_38_bg,FUNCSTAT,-1,-1,C:\Workspace\TIGER2013\TIGER2013.gdb\BG_None\tl_2013_39_bg,FUNCSTAT,-1,-1,C:\Workspace\TIGER2013\TIGER2013.gdb\BG_None\tl_2013_40_bg,FUNCSTAT,-1,-1,C:\Workspace\TIGER2013\TIGER2013.gdb\BG_None\tl_2013_41_bg,FUNCSTAT,-1,-1,C:\Workspace\TIGER2013\TIGER2013.gdb\BG_None\tl_2013_42_bg,FUNCSTAT,-1,-1,C:\Workspace\TIGER2013\TIGER2013.gdb\BG_None\tl_2013_44_bg,FUNCSTAT,-1,-1,C:\Workspace\TIGER2013\TIGER2013.gdb\BG_None\tl_2013_45_bg,FUNCSTAT,-1,-1,C:\Workspace\TIGER2013\TIGER2013.gdb\BG_None\tl_2013_46_bg,FUNCSTAT,-1,-1,C:\Workspace\TIGER2013\TIGER2013.gdb\BG_None\tl_2013_47_bg,FUNCSTAT,-1,-1,C:\Workspace\TIGER2013\TIGER2013.gdb\BG_None\tl_2013_48_bg,FUNCSTAT,-1,-1,C:\Workspace\TIGER2013\TIGER2013.gdb\BG_None\tl_2013_49_bg,FUNCSTAT,-1,-1,C:\Workspace\TIGER2013\TIGER2013.gdb\BG_None\tl_2013_50_bg,FUNCSTAT,-1,-1,C:\Workspace\TIGER2013\TIGER2013.gdb\BG_None\tl_2013_51_bg,FUNCSTAT,-1,-1,C:\Workspace\TIGER2013\TIGER2013.gdb\BG_None\tl_2013_53_bg,FUNCSTAT,-1,-1,C:\Workspace\TIGER2013\TIGER2013.gdb\BG_None\tl_2013_54_bg,FUNCSTAT,-1,-1,C:\Workspace\TIGER2013\TIGER2013.gdb\BG_None\tl_2013_55_bg,FUNCSTAT,-1,-1,C:\Workspace\TIGER2013\TIGER2013.gdb\BG_None\tl_2013_56_bg,FUNCSTAT,-1,-1,C:\Workspace\TIGER2013\TIGER2013.gdb\BG_None\tl_2013_72_bg,FUNCSTAT,-1,-1;ALAND "ALAND" true true false 8 Double 0 0 ,First,#,C:\Workspace\TIGER2013\TIGER2013.gdb\BG_None\tl_2013_01_bg,ALAND,-1,-1,C:\Workspace\TIGER2013\TIGER2013.gdb\BG_None\tl_2013_02_bg,ALAND,-1,-1,C:\Workspace\TIGER2013\TIGER2013.gdb\BG_None\tl_2013_04_bg,ALAND,-1,-1,C:\Workspace\TIGER2013\TIGER2013.gdb\BG_None\tl_2013_05_bg,ALAND,-1,-1,C:\Workspace\TIGER2013\TIGER2013.gdb\BG_None\tl_2013_06_bg,ALAND,-1,-1,C:\Workspace\TIGER2013\TIGER2013.gdb\BG_None\tl_2013_08_bg,ALAND,-1,-1,C:\Workspace\TIGER2013\TIGER2013.gdb\BG_None\tl_2013_09_bg,ALAND,-1,-1,C:\Workspace\TIGER2013\TIGER2013.gdb\BG_None\tl_2013_10_bg,ALAND,-1,-1,C:\Workspace\TIGER2013\TIGER2013.gdb\BG_None\tl_2013_11_bg,ALAND,-1,-1,C:\Workspace\TIGER2013\TIGER2013.gdb\BG_None\tl_2013_12_bg,ALAND,-1,-1,C:\Workspace\TIGER2013\TIGER2013.gdb\BG_None\tl_2013_13_bg,ALAND,-1,-1,C:\Workspace\TIGER2013\TIGER2013.gdb\BG_None\tl_2013_15_bg,ALAND,-1,-1,C:\Workspace\TIGER2013\TIGER2013.gdb\BG_None\tl_2013_16_bg,ALAND,-1,-1,C:\Workspace\TIGER2013\TIGER2013.gdb\BG_None\tl_2013_17_bg,ALAND,-1,-1,C:\Workspace\TIGER2013\TIGER2013.gdb\BG_None\tl_2013_18_bg,ALAND,-1,-1,C:\Workspace\TIGER2013\TIGER2013.gdb\BG_None\tl_2013_19_bg,ALAND,-1,-1,C:\Workspace\TIGER2013\TIGER2013.gdb\BG_None\tl_2013_20_bg,ALAND,-1,-1,C:\Workspace\TIGER2013\TIGER2013.gdb\BG_None\tl_2013_21_bg,ALAND,-1,-1,C:\Workspace\TIGER2013\TIGER2013.gdb\BG_None\tl_2013_22_bg,ALAND,-1,-1,C:\Workspace\TIGER2013\TIGER2013.gdb\BG_None\tl_2013_23_bg,ALAND,-1,-1,C:\Workspace\TIGER2013\TIGER2013.gdb\BG_None\tl_2013_24_bg,ALAND,-1,-1,C:\Workspace\TIGER2013\TIGER2013.gdb\BG_None\tl_2013_25_bg,ALAND,-1,-1,C:\Workspace\TIGER2013\TIGER2013.gdb\BG_None\tl_2013_26_bg,ALAND,-1,-1,C:\Workspace\TIGER2013\TIGER2013.gdb\BG_None\tl_2013_27_bg,ALAND,-1,-1,C:\Workspace\TIGER2013\TIGER2013.gdb\BG_None\tl_2013_28_bg,ALAND,-1,-1,C:\Workspace\TIGER2013\TIGER2013.gdb\BG_None\tl_2013_29_bg,ALAND,-1,-1,C:\Workspace\TIGER2013\TIGER2013.gdb\BG_None\tl_2013_30_bg,ALAND,-1,-1,C:\Workspace\TIGER2013\TIGER2013.gdb\BG_None\tl_2013_31_bg,ALAND,-1,-1,C:\Workspace\TIGER2013\TIGER2013.gdb\BG_None\tl_2013_32_bg,ALAND,-1,-1,C:\Workspace\TIGER2013\TIGER2013.gdb\BG_None\tl_2013_33_bg,ALAND,-1,-1,C:\Workspace\TIGER2013\TIGER2013.gdb\BG_None\tl_2013_34_bg,ALAND,-1,-1,C:\Workspace\TIGER2013\TIGER2013.gdb\BG_None\tl_2013_35_bg,ALAND,-1,-1,C:\Workspace\TIGER2013\TIGER2013.gdb\BG_None\tl_2013_36_bg,ALAND,-1,-1,C:\Workspace\TIGER2013\TIGER2013.gdb\BG_None\tl_2013_37_bg,ALAND,-1,-1,C:\Workspace\TIGER2013\TIGER2013.gdb\BG_None\tl_2013_38_bg,ALAND,-1,-1,C:\Workspace\TIGER2013\TIGER2013.gdb\BG_None\tl_2013_39_bg,ALAND,-1,-1,C:\Workspace\TIGER2013\TIGER2013.gdb\BG_None\tl_2013_40_bg,ALAND,-1,-1,C:\Workspace\TIGER2013\TIGER2013.gdb\BG_None\tl_2013_41_bg,ALAND,-1,-1,C:\Workspace\TIGER2013\TIGER2013.gdb\BG_None\tl_2013_42_bg,ALAND,-1,-1,C:\Workspace\TIGER2013\TIGER2013.gdb\BG_None\tl_2013_44_bg,ALAND,-1,-1,C:\Workspace\TIGER2013\TIGER2013.gdb\BG_None\tl_2013_45_bg,ALAND,-1,-1,C:\Workspace\TIGER2013\TIGER2013.gdb\BG_None\tl_2013_46_bg,ALAND,-1,-1,C:\Workspace\TIGER2013\TIGER2013.gdb\BG_None\tl_2013_47_bg,ALAND,-1,-1,C:\Workspace\TIGER2013\TIGER2013.gdb\BG_None\tl_2013_48_bg,ALAND,-1,-1,C:\Workspace\TIGER2013\TIGER2013.gdb\BG_None\tl_2013_49_bg,ALAND,-1,-1,C:\Workspace\TIGER2013\TIGER2013.gdb\BG_None\tl_2013_50_bg,ALAND,-1,-1,C:\Workspace\TIGER2013\TIGER2013.gdb\BG_None\tl_2013_51_bg,ALAND,-1,-1,C:\Workspace\TIGER2013\TIGER2013.gdb\BG_None\tl_2013_53_bg,ALAND,-1,-1,C:\Workspace\TIGER2013\TIGER2013.gdb\BG_None\tl_2013_54_bg,ALAND,-1,-1,C:\Workspace\TIGER2013\TIGER2013.gdb\BG_None\tl_2013_55_bg,ALAND,-1,-1,C:\Workspace\TIGER2013\TIGER2013.gdb\BG_None\tl_2013_56_bg,ALAND,-1,-1,C:\Workspace\TIGER2013\TIGER2013.gdb\BG_None\tl_2013_72_bg,ALAND,-1,-1;AWATER "AWATER" true true false 8 Double 0 0 ,First,#,C:\Workspace\TIGER2013\TIGER2013.gdb\BG_None\tl_2013_01_bg,AWATER,-1,-1,C:\Workspace\TIGER2013\TIGER2013.gdb\BG_None\tl_2013_02_bg,AWATER,-1,-1,C:\Workspace\TIGER2013\TIGER2013.gdb\BG_None\tl_2013_04_bg,AWATER,-1,-1,C:\Workspace\TIGER2013\TIGER2013.gdb\BG_None\tl_2013_05_bg,AWATER,-1,-1,C:\Workspace\TIGER2013\TIGER2013.gdb\BG_None\tl_2013_06_bg,AWATER,-1,-1,C:\Workspace\TIGER2013\TIGER2013.gdb\BG_None\tl_2013_08_bg,AWATER,-1,-1,C:\Workspace\TIGER2013\TIGER2013.gdb\BG_None\tl_2013_09_bg,AWATER,-1,-1,C:\Workspace\TIGER2013\TIGER2013.gdb\BG_None\tl_2013_10_bg,AWATER,-1,-1,C:\Workspace\TIGER2013\TIGER2013.gdb\BG_None\tl_2013_11_bg,AWATER,-1,-1,C:\Workspace\TIGER2013\TIGER2013.gdb\BG_None\tl_2013_12_bg,AWATER,-1,-1,C:\Workspace\TIGER2013\TIGER2013.gdb\BG_None\tl_2013_13_bg,AWATER,-1,-1,C:\Workspace\TIGER2013\TIGER2013.gdb\BG_None\tl_2013_15_bg,AWATER,-1,-1,C:\Workspace\TIGER2013\TIGER2013.gdb\BG_None\tl_2013_16_bg,AWATER,-1,-1,C:\Workspace\TIGER2013\TIGER2013.gdb\BG_None\tl_2013_17_bg,AWATER,-1,-1,C:\Workspace\TIGER2013\TIGER2013.gdb\BG_None\tl_2013_18_bg,AWATER,-1,-1,C:\Workspace\TIGER2013\TIGER2013.gdb\BG_None\tl_2013_19_bg,AWATER,-1,-1,C:\Workspace\TIGER2013\TIGER2013.gdb\BG_None\tl_2013_20_bg,AWATER,-1,-1,C:\Workspace\TIGER2013\TIGER2013.gdb\BG_None\tl_2013_21_bg,AWATER,-1,-1,C:\Workspace\TIGER2013\TIGER2013.gdb\BG_None\tl_2013_22_bg,AWATER,-1,-1,C:\Workspace\TIGER2013\TIGER2013.gdb\BG_None\tl_2013_23_bg,AWATER,-1,-1,C:\Workspace\TIGER2013\TIGER2013.gdb\BG_None\tl_2013_24_bg,AWATER,-1,-1,C:\Workspace\TIGER2013\TIGER2013.gdb\BG_None\tl_2013_25_bg,AWATER,-1,-1,C:\Workspace\TIGER2013\TIGER2013.gdb\BG_None\tl_2013_26_bg,AWATER,-1,-1,C:\Workspace\TIGER2013\TIGER2013.gdb\BG_None\tl_2013_27_bg,AWATER,-1,-1,C:\Workspace\TIGER2013\TIGER2013.gdb\BG_None\tl_2013_28_bg,AWATER,-1,-1,C:\Workspace\TIGER2013\TIGER2013.gdb\BG_None\tl_2013_29_bg,AWATER,-1,-1,C:\Workspace\TIGER2013\TIGER2013.gdb\BG_None\tl_2013_30_bg,AWATER,-1,-1,C:\Workspace\TIGER2013\TIGER2013.gdb\BG_None\tl_2013_31_bg,AWATER,-1,-1,C:\Workspace\TIGER2013\TIGER2013.gdb\BG_None\tl_2013_32_bg,AWATER,-1,-1,C:\Workspace\TIGER2013\TIGER2013.gdb\BG_None\tl_2013_33_bg,AWATER,-1,-1,C:\Workspace\TIGER2013\TIGER2013.gdb\BG_None\tl_2013_34_bg,AWATER,-1,-1,C:\Workspace\TIGER2013\TIGER2013.gdb\BG_None\tl_2013_35_bg,AWATER,-1,-1,C:\Workspace\TIGER2013\TIGER2013.gdb\BG_None\tl_2013_36_bg,AWATER,-1,-1,C:\Workspace\TIGER2013\TIGER2013.gdb\BG_None\tl_2013_37_bg,AWATER,-1,-1,C:\Workspace\TIGER2013\TIGER2013.gdb\BG_None\tl_2013_38_bg,AWATER,-1,-1,C:\Workspace\TIGER2013\TIGER2013.gdb\BG_None\tl_2013_39_bg,AWATER,-1,-1,C:\Workspace\TIGER2013\TIGER2013.gdb\BG_None\tl_2013_40_bg,AWATER,-1,-1,C:\Workspace\TIGER2013\TIGER2013.gdb\BG_None\tl_2013_41_bg,AWATER,-1,-1,C:\Workspace\TIGER2013\TIGER2013.gdb\BG_None\tl_2013_42_bg,AWATER,-1,-1,C:\Workspace\TIGER2013\TIGER2013.gdb\BG_None\tl_2013_44_bg,AWATER,-1,-1,C:\Workspace\TIGER2013\TIGER2013.gdb\BG_None\tl_2013_45_bg,AWATER,-1,-1,C:\Workspace\TIGER2013\TIGER2013.gdb\BG_None\tl_2013_46_bg,AWATER,-1,-1,C:\Workspace\TIGER2013\TIGER2013.gdb\BG_None\tl_2013_47_bg,AWATER,-1,-1,C:\Workspace\TIGER2013\TIGER2013.gdb\BG_None\tl_2013_48_bg,AWATER,-1,-1,C:\Workspace\TIGER2013\TIGER2013.gdb\BG_None\tl_2013_49_bg,AWATER,-1,-1,C:\Workspace\TIGER2013\TIGER2013.gdb\BG_None\tl_2013_50_bg,AWATER,-1,-1,C:\Workspace\TIGER2013\TIGER2013.gdb\BG_None\tl_2013_51_bg,AWATER,-1,-1,C:\Workspace\TIGER2013\TIGER2013.gdb\BG_None\tl_2013_53_bg,AWATER,-1,-1,C:\Workspace\TIGER2013\TIGER2013.gdb\BG_None\tl_2013_54_bg,AWATER,-1,-1,C:\Workspace\TIGER2013\TIGER2013.gdb\BG_None\tl_2013_55_bg,AWATER,-1,-1,C:\Workspace\TIGER2013\TIGER2013.gdb\BG_None\tl_2013_56_bg,AWATER,-1,-1,C:\Workspace\TIGER2013\TIGER2013.gdb\BG_None\tl_2013_72_bg,AWATER,-1,-1;INTPTLAT "INTPTLAT" true true false 11 Text 0 0 ,First,#,C:\Workspace\TIGER2013\TIGER2013.gdb\BG_None\tl_2013_01_bg,INTPTLAT,-1,-1,C:\Workspace\TIGER2013\TIGER2013.gdb\BG_None\tl_2013_02_bg,INTPTLAT,-1,-1,C:\Workspace\TIGER2013\TIGER2013.gdb\BG_None\tl_2013_04_bg,INTPTLAT,-1,-1,C:\Workspace\TIGER2013\TIGER2013.gdb\BG_None\tl_2013_05_bg,INTPTLAT,-1,-1,C:\Workspace\TIGER2013\TIGER2013.gdb\BG_None\tl_2013_06_bg,INTPTLAT,-1,-1,C:\Workspace\TIGER2013\TIGER2013.gdb\BG_None\tl_2013_08_bg,INTPTLAT,-1,-1,C:\Workspace\TIGER2013\TIGER2013.gdb\BG_None\tl_2013_09_bg,INTPTLAT,-1,-1,C:\Workspace\TIGER2013\TIGER2013.gdb\BG_None\tl_2013_10_bg,INTPTLAT,-1,-1,C:\Workspace\TIGER2013\TIGER2013.gdb\BG_None\tl_2013_11_bg,INTPTLAT,-1,-1,C:\Workspace\TIGER2013\TIGER2013.gdb\BG_None\tl_2013_12_bg,INTPTLAT,-1,-1,C:\Workspace\TIGER2013\TIGER2013.gdb\BG_None\tl_2013_13_bg,INTPTLAT,-1,-1,C:\Workspace\TIGER2013\TIGER2013.gdb\BG_None\tl_2013_15_bg,INTPTLAT,-1,-1,C:\Workspace\TIGER2013\TIGER2013.gdb\BG_None\tl_2013_16_bg,INTPTLAT,-1,-1,C:\Workspace\TIGER2013\TIGER2013.gdb\BG_None\tl_2013_17_bg,INTPTLAT,-1,-1,C:\Workspace\TIGER2013\TIGER2013.gdb\BG_None\tl_2013_18_bg,INTPTLAT,-1,-1,C:\Workspace\TIGER2013\TIGER2013.gdb\BG_None\tl_2013_19_bg,INTPTLAT,-1,-1,C:\Workspace\TIGER2013\TIGER2013.gdb\BG_None\tl_2013_20_bg,INTPTLAT,-1,-1,C:\Workspace\TIGER2013\TIGER2013.gdb\BG_None\tl_2013_21_bg,INTPTLAT,-1,-1,C:\Workspace\TIGER2013\TIGER2013.gdb\BG_None\tl_2013_22_bg,INTPTLAT,-1,-1,C:\Workspace\TIGER2013\TIGER2013.gdb\BG_None\tl_2013_23_bg,INTPTLAT,-1,-1,C:\Workspace\TIGER2013\TIGER2013.gdb\BG_None\tl_2013_24_bg,INTPTLAT,-1,-1,C:\Workspace\TIGER2013\TIGER2013.gdb\BG_None\tl_2013_25_bg,INTPTLAT,-1,-1,C:\Workspace\TIGER2013\TIGER2013.gdb\BG_None\tl_2013_26_bg,INTPTLAT,-1,-1,C:\Workspace\TIGER2013\TIGER2013.gdb\BG_None\tl_2013_27_bg,INTPTLAT,-1,-1,C:\Workspace\TIGER2013\TIGER2013.gdb\BG_None\tl_2013_28_bg,INTPTLAT,-1,-1,C:\Workspace\TIGER2013\TIGER2013.gdb\BG_None\tl_2013_29_bg,INTPTLAT,-1,-1,C:\Workspace\TIGER2013\TIGER2013.gdb\BG_None\tl_2013_30_bg,INTPTLAT,-1,-1,C:\Workspace\TIGER2013\TIGER2013.gdb\BG_None\tl_2013_31_bg,INTPTLAT,-1,-1,C:\Workspace\TIGER2013\TIGER2013.gdb\BG_None\tl_2013_32_bg,INTPTLAT,-1,-1,C:\Workspace\TIGER2013\TIGER2013.gdb\BG_None\tl_2013_33_bg,INTPTLAT,-1,-1,C:\Workspace\TIGER2013\TIGER2013.gdb\BG_None\tl_2013_34_bg,INTPTLAT,-1,-1,C:\Workspace\TIGER2013\TIGER2013.gdb\BG_None\tl_2013_35_bg,INTPTLAT,-1,-1,C:\Workspace\TIGER2013\TIGER2013.gdb\BG_None\tl_2013_36_bg,INTPTLAT,-1,-1,C:\Workspace\TIGER2013\TIGER2013.gdb\BG_None\tl_2013_37_bg,INTPTLAT,-1,-1,C:\Workspace\TIGER2013\TIGER2013.gdb\BG_None\tl_2013_38_bg,INTPTLAT,-1,-1,C:\Workspace\TIGER2013\TIGER2013.gdb\BG_None\tl_2013_39_bg,INTPTLAT,-1,-1,C:\Workspace\TIGER2013\TIGER2013.gdb\BG_None\tl_2013_40_bg,INTPTLAT,-1,-1,C:\Workspace\TIGER2013\TIGER2013.gdb\BG_None\tl_2013_41_bg,INTPTLAT,-1,-1,C:\Workspace\TIGER2013\TIGER2013.gdb\BG_None\tl_2013_42_bg,INTPTLAT,-1,-1,C:\Workspace\TIGER2013\TIGER2013.gdb\BG_None\tl_2013_44_bg,INTPTLAT,-1,-1,C:\Workspace\TIGER2013\TIGER2013.gdb\BG_None\tl_2013_45_bg,INTPTLAT,-1,-1,C:\Workspace\TIGER2013\TIGER2013.gdb\BG_None\tl_2013_46_bg,INTPTLAT,-1,-1,C:\Workspace\TIGER2013\TIGER2013.gdb\BG_None\tl_2013_47_bg,INTPTLAT,-1,-1,C:\Workspace\TIGER2013\TIGER2013.gdb\BG_None\tl_2013_48_bg,INTPTLAT,-1,-1,C:\Workspace\TIGER2013\TIGER2013.gdb\BG_None\tl_2013_49_bg,INTPTLAT,-1,-1,C:\Workspace\TIGER2013\TIGER2013.gdb\BG_None\tl_2013_50_bg,INTPTLAT,-1,-1,C:\Workspace\TIGER2013\TIGER2013.gdb\BG_None\tl_2013_51_bg,INTPTLAT,-1,-1,C:\Workspace\TIGER2013\TIGER2013.gdb\BG_None\tl_2013_53_bg,INTPTLAT,-1,-1,C:\Workspace\TIGER2013\TIGER2013.gdb\BG_None\tl_2013_54_bg,INTPTLAT,-1,-1,C:\Workspace\TIGER2013\TIGER2013.gdb\BG_None\tl_2013_55_bg,INTPTLAT,-1,-1,C:\Workspace\TIGER2013\TIGER2013.gdb\BG_None\tl_2013_56_bg,INTPTLAT,-1,-1,C:\Workspace\TIGER2013\TIGER2013.gdb\BG_None\tl_2013_72_bg,INTPTLAT,-1,-1;INTPTLON "INTPTLON" true true false 12 Text 0 0 ,First,#,C:\Workspace\TIGER2013\TIGER2013.gdb\BG_None\tl_2013_01_bg,INTPTLON,-1,-1,C:\Workspace\TIGER2013\TIGER2013.gdb\BG_None\tl_2013_02_bg,INTPTLON,-1,-1,C:\Workspace\TIGER2013\TIGER2013.gdb\BG_None\tl_2013_04_bg,INTPTLON,-1,-1,C:\Workspace\TIGER2013\TIGER2013.gdb\BG_None\tl_2013_05_bg,INTPTLON,-1,-1,C:\Workspace\TIGER2013\TIGER2013.gdb\BG_None\tl_2013_06_bg,INTPTLON,-1,-1,C:\Workspace\TIGER2013\TIGER2013.gdb\BG_None\tl_2013_08_bg,INTPTLON,-1,-1,C:\Workspace\TIGER2013\TIGER2013.gdb\BG_None\tl_2013_09_bg,INTPTLON,-1,-1,C:\Workspace\TIGER2013\TIGER2013.gdb\BG_None\tl_2013_10_bg,INTPTLON,-1,-1,C:\Workspace\TIGER2013\TIGER2013.gdb\BG_None\tl_2013_11_bg,INTPTLON,-1,-1,C:\Workspace\TIGER2013\TIGER2013.gdb\BG_None\tl_2013_12_bg,INTPTLON,-1,-1,C:\Workspace\TIGER2013\TIGER2013.gdb\BG_None\tl_2013_13_bg,INTPTLON,-1,-1,C:\Workspace\TIGER2013\TIGER2013.gdb\BG_None\tl_2013_15_bg,INTPTLON,-1,-1,C:\Workspace\TIGER2013\TIGER2013.gdb\BG_None\tl_2013_16_bg,INTPTLON,-1,-1,C:\Workspace\TIGER2013\TIGER2013.gdb\BG_None\tl_2013_17_bg,INTPTLON,-1,-1,C:\Workspace\TIGER2013\TIGER2013.gdb\BG_None\tl_2013_18_bg,INTPTLON,-1,-1,C:\Workspace\TIGER2013\TIGER2013.gdb\BG_None\tl_2013_19_bg,INTPTLON,-1,-1,C:\Workspace\TIGER2013\TIGER2013.gdb\BG_None\tl_2013_20_bg,INTPTLON,-1,-1,C:\Workspace\TIGER2013\TIGER2013.gdb\BG_None\tl_2013_21_bg,INTPTLON,-1,-1,C:\Workspace\TIGER2013\TIGER2013.gdb\BG_None\tl_2013_22_bg,INTPTLON,-1,-1,C:\Workspace\TIGER2013\TIGER2013.gdb\BG_None\tl_2013_23_bg,INTPTLON,-1,-1,C:\Workspace\TIGER2013\TIGER2013.gdb\BG_None\tl_2013_24_bg,INTPTLON,-1,-1,C:\Workspace\TIGER2013\TIGER2013.gdb\BG_None\tl_2013_25_bg,INTPTLON,-1,-1,C:\Workspace\TIGER2013\TIGER2013.gdb\BG_None\tl_2013_26_bg,INTPTLON,-1,-1,C:\Workspace\TIGER2013\TIGER2013.gdb\BG_None\tl_2013_27_bg,INTPTLON,-1,-1,C:\Workspace\TIGER2013\TIGER2013.gdb\BG_None\tl_2013_28_bg,INTPTLON,-1,-1,C:\Workspace\TIGER2013\TIGER2013.gdb\BG_None\tl_2013_29_bg,INTPTLON,-1,-1,C:\Workspace\TIGER2013\TIGER2013.gdb\BG_None\tl_2013_30_bg,INTPTLON,-1,-1,C:\Workspace\TIGER2013\TIGER2013.gdb\BG_None\tl_2013_31_bg,INTPTLON,-1,-1,C:\Workspace\TIGER2013\TIGER2013.gdb\BG_None\tl_2013_32_bg,INTPTLON,-1,-1,C:\Workspace\TIGER2013\TIGER2013.gdb\BG_None\tl_2013_33_bg,INTPTLON,-1,-1,C:\Workspace\TIGER2013\TIGER2013.gdb\BG_None\tl_2013_34_bg,INTPTLON,-1,-1,C:\Workspace\TIGER2013\TIGER2013.gdb\BG_None\tl_2013_35_bg,INTPTLON,-1,-1,C:\Workspace\TIGER2013\TIGER2013.gdb\BG_None\tl_2013_36_bg,INTPTLON,-1,-1,C:\Workspace\TIGER2013\TIGER2013.gdb\BG_None\tl_2013_37_bg,INTPTLON,-1,-1,C:\Workspace\TIGER2013\TIGER2013.gdb\BG_None\tl_2013_38_bg,INTPTLON,-1,-1,C:\Workspace\TIGER2013\TIGER2013.gdb\BG_None\tl_2013_39_bg,INTPTLON,-1,-1,C:\Workspace\TIGER2013\TIGER2013.gdb\BG_None\tl_2013_40_bg,INTPTLON,-1,-1,C:\Workspace\TIGER2013\TIGER2013.gdb\BG_None\tl_2013_41_bg,INTPTLON,-1,-1,C:\Workspace\TIGER2013\TIGER2013.gdb\BG_None\tl_2013_42_bg,INTPTLON,-1,-1,C:\Workspace\TIGER2013\TIGER2013.gdb\BG_None\tl_2013_44_bg,INTPTLON,-1,-1,C:\Workspace\TIGER2013\TIGER2013.gdb\BG_None\tl_2013_45_bg,INTPTLON,-1,-1,C:\Workspace\TIGER2013\TIGER2013.gdb\BG_None\tl_2013_46_bg,INTPTLON,-1,-1,C:\Workspace\TIGER2013\TIGER2013.gdb\BG_None\tl_2013_47_bg,INTPTLON,-1,-1,C:\Workspace\TIGER2013\TIGER2013.gdb\BG_None\tl_2013_48_bg,INTPTLON,-1,-1,C:\Workspace\TIGER2013\TIGER2013.gdb\BG_None\tl_2013_49_bg,INTPTLON,-1,-1,C:\Workspace\TIGER2013\TIGER2013.gdb\BG_None\tl_2013_50_bg,INTPTLON,-1,-1,C:\Workspace\TIGER2013\TIGER2013.gdb\BG_None\tl_2013_51_bg,INTPTLON,-1,-1,C:\Workspace\TIGER2013\TIGER2013.gdb\BG_None\tl_2013_53_bg,INTPTLON,-1,-1,C:\Workspace\TIGER2013\TIGER2013.gdb\BG_None\tl_2013_54_bg,INTPTLON,-1,-1,C:\Workspace\TIGER2013\TIGER2013.gdb\BG_None\tl_2013_55_bg,INTPTLON,-1,-1,C:\Workspace\TIGER2013\TIGER2013.gdb\BG_None\tl_2013_56_bg,INTPTLON,-1,-1,C:\Workspace\TIGER2013\TIGER2013.gdb\BG_None\tl_2013_72_bg,INTPTLON,-1,-1;Shape_Length "Shape_Length" false true true 8 Double 0 0 ,First,#,C:\Workspace\TIGER2013\TIGER2013.gdb\BG_None\tl_2013_01_bg,Shape_Length,-1,-1,C:\Workspace\TIGER2013\TIGER2013.gdb\BG_None\tl_2013_02_bg,Shape_Length,-1,-1,C:\Workspace\TIGER2013\TIGER2013.gdb\BG_None\tl_2013_04_bg,Shape_Length,-1,-1,C:\Workspace\TIGER2013\TIGER2013.gdb\BG_None\tl_2013_05_bg,Shape_Length,-1,-1,C:\Workspace\TIGER2013\TIGER2013.gdb\BG_None\tl_2013_06_bg,Shape_Length,-1,-1,C:\Workspace\TIGER2013\TIGER2013.gdb\BG_None\tl_2013_08_bg,Shape_Length,-1,-1,C:\Workspace\TIGER2013\TIGER2013.gdb\BG_None\tl_2013_09_bg,Shape_Length,-1,-1,C:\Workspace\TIGER2013\TIGER2013.gdb\BG_None\tl_2013_10_bg,Shape_Length,-1,-1,C:\Workspace\TIGER2013\TIGER2013.gdb\BG_None\tl_2013_11_bg,Shape_Length,-1,-1,C:\Workspace\TIGER2013\TIGER2013.gdb\BG_None\tl_2013_12_bg,Shape_Length,-1,-1,C:\Workspace\TIGER2013\TIGER2013.gdb\BG_None\tl_2013_13_bg,Shape_Length,-1,-1,C:\Workspace\TIGER2013\TIGER2013.gdb\BG_None\tl_2013_15_bg,Shape_Length,-1,-1,C:\Workspace\TIGER2013\TIGER2013.gdb\BG_None\tl_2013_16_bg,Shape_Length,-1,-1,C:\Workspace\TIGER2013\TIGER2013.gdb\BG_None\tl_2013_17_bg,Shape_Length,-1,-1,C:\Workspace\TIGER2013\TIGER2013.gdb\BG_None\tl_2013_18_bg,Shape_Length,-1,-1,C:\Workspace\TIGER2013\TIGER2013.gdb\BG_None\tl_2013_19_bg,Shape_Length,-1,-1,C:\Workspace\TIGER2013\TIGER2013.gdb\BG_None\tl_2013_20_bg,Shape_Length,-1,-1,C:\Workspace\TIGER2013\TIGER2013.gdb\BG_None\tl_2013_21_bg,Shape_Length,-1,-1,C:\Workspace\TIGER2013\TIGER2013.gdb\BG_None\tl_2013_22_bg,Shape_Length,-1,-1,C:\Workspace\TIGER2013\TIGER2013.gdb\BG_None\tl_2013_23_bg,Shape_Length,-1,-1,C:\Workspace\TIGER2013\TIGER2013.gdb\BG_None\tl_2013_24_bg,Shape_Length,-1,-1,C:\Workspace\TIGER2013\TIGER2013.gdb\BG_None\tl_2013_25_bg,Shape_Length,-1,-1,C:\Workspace\TIGER2013\TIGER2013.gdb\BG_None\tl_2013_26_bg,Shape_Length,-1,-1,C:\Workspace\TIGER2013\TIGER2013.gdb\BG_None\tl_2013_27_bg,Shape_Length,-1,-1,C:\Workspace\TIGER2013\TIGER2013.gdb\BG_None\tl_2013_28_bg,Shape_Length,-1,-1,C:\Workspace\TIGER2013\TIGER2013.gdb\BG_None\tl_2013_29_bg,Shape_Length,-1,-1,C:\Workspace\TIGER2013\TIGER2013.gdb\BG_None\tl_2013_30_bg,Shape_Length,-1,-1,C:\Workspace\TIGER2013\TIGER2013.gdb\BG_None\tl_2013_31_bg,Shape_Length,-1,-1,C:\Workspace\TIGER2013\TIGER2013.gdb\BG_None\tl_2013_32_bg,Shape_Length,-1,-1,C:\Workspace\TIGER2013\TIGER2013.gdb\BG_None\tl_2013_33_bg,Shape_Length,-1,-1,C:\Workspace\TIGER2013\TIGER2013.gdb\BG_None\tl_2013_34_bg,Shape_Length,-1,-1,C:\Workspace\TIGER2013\TIGER2013.gdb\BG_None\tl_2013_35_bg,Shape_Length,-1,-1,C:\Workspace\TIGER2013\TIGER2013.gdb\BG_None\tl_2013_36_bg,Shape_Length,-1,-1,C:\Workspace\TIGER2013\TIGER2013.gdb\BG_None\tl_2013_37_bg,Shape_Length,-1,-1,C:\Workspace\TIGER2013\TIGER2013.gdb\BG_None\tl_2013_38_bg,Shape_Length,-1,-1,C:\Workspace\TIGER2013\TIGER2013.gdb\BG_None\tl_2013_39_bg,Shape_Length,-1,-1,C:\Workspace\TIGER2013\TIGER2013.gdb\BG_None\tl_2013_40_bg,Shape_Length,-1,-1,C:\Workspace\TIGER2013\TIGER2013.gdb\BG_None\tl_2013_41_bg,Shape_Length,-1,-1,C:\Workspace\TIGER2013\TIGER2013.gdb\BG_None\tl_2013_42_bg,Shape_Length,-1,-1,C:\Workspace\TIGER2013\TIGER2013.gdb\BG_None\tl_2013_44_bg,Shape_Length,-1,-1,C:\Workspace\TIGER2013\TIGER2013.gdb\BG_None\tl_2013_45_bg,Shape_Length,-1,-1,C:\Workspace\TIGER2013\TIGER2013.gdb\BG_None\tl_2013_46_bg,Shape_Length,-1,-1,C:\Workspace\TIGER2013\TIGER2013.gdb\BG_None\tl_2013_47_bg,Shape_Length,-1,-1,C:\Workspace\TIGER2013\TIGER2013.gdb\BG_None\tl_2013_48_bg,Shape_Length,-1,-1,C:\Workspace\TIGER2013\TIGER2013.gdb\BG_None\tl_2013_49_bg,Shape_Length,-1,-1,C:\Workspace\TIGER2013\TIGER2013.gdb\BG_None\tl_2013_50_bg,Shape_Length,-1,-1,C:\Workspace\TIGER2013\TIGER2013.gdb\BG_None\tl_2013_51_bg,Shape_Length,-1,-1,C:\Workspace\TIGER2013\TIGER2013.gdb\BG_None\tl_2013_53_bg,Shape_Length,-1,-1,C:\Workspace\TIGER2013\TIGER2013.gdb\BG_None\tl_2013_54_bg,Shape_Length,-1,-1,C:\Workspace\TIGER2013\TIGER2013.gdb\BG_None\tl_2013_55_bg,Shape_Length,-1,-1,C:\Workspace\TIGER2013\TIGER2013.gdb\BG_None\tl_2013_56_bg,Shape_Length,-1,-1,C:\Workspace\TIGER2013\TIGER2013.gdb\BG_None\tl_2013_72_bg,Shape_Length,-1,-1;Shape_Area "Shape_Area" false true true 8 Double 0 0 ,First,#,C:\Workspace\TIGER2013\TIGER2013.gdb\BG_None\tl_2013_01_bg,Shape_Area,-1,-1,C:\Workspace\TIGER2013\TIGER2013.gdb\BG_None\tl_2013_02_bg,Shape_Area,-1,-1,C:\Workspace\TIGER2013\TIGER2013.gdb\BG_None\tl_2013_04_bg,Shape_Area,-1,-1,C:\Workspace\TIGER2013\TIGER2013.gdb\BG_None\tl_2013_05_bg,Shape_Area,-1,-1,C:\Workspace\TIGER2013\TIGER2013.gdb\BG_None\tl_2013_06_bg,Shape_Area,-1,-1,C:\Workspace\TIGER2013\TIGER2013.gdb\BG_None\tl_2013_08_bg,Shape_Area,-1,-1,C:\Workspace\TIGER2013\TIGER2013.gdb\BG_None\tl_2013_09_bg,Shape_Area,-1,-1,C:\Workspace\TIGER2013\TIGER2013.gdb\BG_None\tl_2013_10_bg,Shape_Area,-1,-1,C:\Workspace\TIGER2013\TIGER2013.gdb\BG_None\tl_2013_11_bg,Shape_Area,-1,-1,C:\Workspace\TIGER2013\TIGER2013.gdb\BG_None\tl_2013_12_bg,Shape_Area,-1,-1,C:\Workspace\TIGER2013\TIGER2013.gdb\BG_None\tl_2013_13_bg,Shape_Area,-1,-1,C:\Workspace\TIGER2013\TIGER2013.gdb\BG_None\tl_2013_15_bg,Shape_Area,-1,-1,C:\Workspace\TIGER2013\TIGER2013.gdb\BG_None\tl_2013_16_bg,Shape_Area,-1,-1,C:\Workspace\TIGER2013\TIGER2013.gdb\BG_None\tl_2013_17_bg,Shape_Area,-1,-1,C:\Workspace\TIGER2013\TIGER2013.gdb\BG_None\tl_2013_18_bg,Shape_Area,-1,-1,C:\Workspace\TIGER2013\TIGER2013.gdb\BG_None\tl_2013_19_bg,Shape_Area,-1,-1,C:\Workspace\TIGER2013\TIGER2013.gdb\BG_None\tl_2013_20_bg,Shape_Area,-1,-1,C:\Workspace\TIGER2013\TIGER2013.gdb\BG_None\tl_2013_21_bg,Shape_Area,-1,-1,C:\Workspace\TIGER2013\TIGER2013.gdb\BG_None\tl_2013_22_bg,Shape_Area,-1,-1,C:\Workspace\TIGER2013\TIGER2013.gdb\BG_None\tl_2013_23_bg,Shape_Area,-1,-1,C:\Workspace\TIGER2013\TIGER2013.gdb\BG_None\tl_2013_24_bg,Shape_Area,-1,-1,C:\Workspace\TIGER2013\TIGER2013.gdb\BG_None\tl_2013_25_bg,Shape_Area,-1,-1,C:\Workspace\TIGER2013\TIGER2013.gdb\BG_None\tl_2013_26_bg,Shape_Area,-1,-1,C:\Workspace\TIGER2013\TIGER2013.gdb\BG_None\tl_2013_27_bg,Shape_Area,-1,-1,C:\Workspace\TIGER2013\TIGER2013.gdb\BG_None\tl_2013_28_bg,Shape_Area,-1,-1,C:\Workspace\TIGER2013\TIGER2013.gdb\BG_None\tl_2013_29_bg,Shape_Area,-1,-1,C:\Workspace\TIGER2013\TIGER2013.gdb\BG_None\tl_2013_30_bg,Shape_Area,-1,-1,C:\Workspace\TIGER2013\TIGER2013.gdb\BG_None\tl_2013_31_bg,Shape_Area,-1,-1,C:\Workspace\TIGER2013\TIGER2013.gdb\BG_None\tl_2013_32_bg,Shape_Area,-1,-1,C:\Workspace\TIGER2013\TIGER2013.gdb\BG_None\tl_2013_33_bg,Shape_Area,-1,-1,C:\Workspace\TIGER2013\TIGER2013.gdb\BG_None\tl_2013_34_bg,Shape_Area,-1,-1,C:\Workspace\TIGER2013\TIGER2013.gdb\BG_None\tl_2013_35_bg,Shape_Area,-1,-1,C:\Workspace\TIGER2013\TIGER2013.gdb\BG_None\tl_2013_36_bg,Shape_Area,-1,-1,C:\Workspace\TIGER2013\TIGER2013.gdb\BG_None\tl_2013_37_bg,Shape_Area,-1,-1,C:\Workspace\TIGER2013\TIGER2013.gdb\BG_None\tl_2013_38_bg,Shape_Area,-1,-1,C:\Workspace\TIGER2013\TIGER2013.gdb\BG_None\tl_2013_39_bg,Shape_Area,-1,-1,C:\Workspace\TIGER2013\TIGER2013.gdb\BG_None\tl_2013_40_bg,Shape_Area,-1,-1,C:\Workspace\TIGER2013\TIGER2013.gdb\BG_None\tl_2013_41_bg,Shape_Area,-1,-1,C:\Workspace\TIGER2013\TIGER2013.gdb\BG_None\tl_2013_42_bg,Shape_Area,-1,-1,C:\Workspace\TIGER2013\TIGER2013.gdb\BG_None\tl_2013_44_bg,Shape_Area,-1,-1,C:\Workspace\TIGER2013\TIGER2013.gdb\BG_None\tl_2013_45_bg,Shape_Area,-1,-1,C:\Workspace\TIGER2013\TIGER2013.gdb\BG_None\tl_2013_46_bg,Shape_Area,-1,-1,C:\Workspace\TIGER2013\TIGER2013.gdb\BG_None\tl_2013_47_bg,Shape_Area,-1,-1,C:\Workspace\TIGER2013\TIGER2013.gdb\BG_None\tl_2013_48_bg,Shape_Area,-1,-1,C:\Workspace\TIGER2013\TIGER2013.gdb\BG_None\tl_2013_49_bg,Shape_Area,-1,-1,C:\Workspace\TIGER2013\TIGER2013.gdb\BG_None\tl_2013_50_bg,Shape_Area,-1,-1,C:\Workspace\TIGER2013\TIGER2013.gdb\BG_None\tl_2013_51_bg,Shape_Area,-1,-1,C:\Workspace\TIGER2013\TIGER2013.gdb\BG_None\tl_2013_53_bg,Shape_Area,-1,-1,C:\Workspace\TIGER2013\TIGER2013.gdb\BG_None\tl_2013_54_bg,Shape_Area,-1,-1,C:\Workspace\TIGER2013\TIGER2013.gdb\BG_None\tl_2013_55_bg,Shape_Area,-1,-1,C:\Workspace\TIGER2013\TIGER2013.gdb\BG_None\tl_2013_56_bg,Shape_Area,-1,-1,C:\Workspace\TIGER2013\TIGER2013.gdb\BG_None\tl_2013_72_bg,Shape_Area,-1,-1"</Process><Process ToolSource="c:\program files (x86)\arcgis\desktop10.2\ArcToolbox\Toolboxes\Data Management Tools.tbx\CalculateField" Date="20141203" Time="132730">CalculateField NHGIS.tl_2013_us_bg_1 GISJOIN ""G" &amp; [STATEFP] &amp; "0" &amp; [COUNTYFP] &amp; "0" &amp; [TRACTCE] &amp; [BLKGRPCE]" VB #</Process><Process ToolSource="c:\program files (x86)\arcgis\desktop10.2\ArcToolbox\Toolboxes\Data Management Tools.tbx\CopyFeatures" Date="20150129" Time="155301">CopyFeatures TempLayer Z:\istads\data\shape\tl2013\base\nongen\blck_grp\_blck_grp_2013RI.shp # 0 0 0</Process></lineage></DataProperties><SyncDate>20150129</SyncDate><SyncTime>15525700</SyncTime><ModDate>20150129</ModDate><ModTime>15525700</ModTime><CreaDate>20141201</CreaDate><CreaTime>10062100</CreaTime><ArcGISFormat>1.0</ArcGISFormat><ArcGISstyle>FGDC CSDGM Metadata</ArcGISstyle><SyncOnce>FALSE</SyncOnce></Esri><distInfo><distFormat><formatName Sync="TRUE">Shapefile</formatName></distFormat><distTranOps><transSize Sync="TRUE">0.000</transSize></distTranOps></distInfo><mdHrLv><ScopeCd value="005" Sync="TRUE"></ScopeCd></mdHrLv><mdHrLvName Sync="TRUE">dataset</mdHrLvName><refSysInfo><RefSystem><refSysID><identCode code="102003" Sync="TRUE"></identCode><idCodeSpace Sync="TRUE">ESRI</idCodeSpace><idVersion Sync="TRUE">10.2.0</idVersion></refSysID></RefSystem></refSysInfo><spatRepInfo><VectSpatRep><geometObjs Name="_blck_grp_2013RI"><geoObjTyp><GeoObjTypCd value="002" Sync="TRUE"></GeoObjTypCd></geoObjTyp><geoObjCnt Sync="TRUE">0</geoObjCnt></geometObjs><topLvl><TopoLevCd value="001" Sync="TRUE"></TopoLevCd></topLvl></VectSpatRep></spatRepInfo><mdDateSt Sync="TRUE">20150129</mdDateSt></metadata>
