<metadata><idinfo><citation><citeinfo><origin>U.S. Department of Commerce, U.S. Census Bureau, Geography 
                    Division</origin><pubdate>2014</pubdate><title>US_blck_grp_2014</title><edition>2014</edition><geoform>vector digital data</geoform><onlink>http://www2.census.gov/geo/tiger/TIGER2014/BG/tl_2014_01_bg.zip</onlink></citeinfo></citation><descript><abstract>The NHGIS is a National Institutes of Health and National Science Foundation-sponsored project to create a digital spatial-temporal database of all available historical US aggregate census materials. The available shapefiles on the NHGIS site represent version 2.0 of historical US state/territory boundary files for the 1790 to 2010 decennial censuses and American Community Survey releases.The TIGER/Line shapefiles and related database files (.dbf) are an extract of selected geographic and cartographic information from the U.S. Census Bureau's Master Address File / Topologically Integrated Geographic Encoding and Referencing (MAF/TIGER) Database (MTDB). The MTDB represents a seamless national file with no overlaps or gaps between parts, however, each TIGER/Line shapefile is designed to stand alone as an independent data set, or they can be combined to cover the entire nation. Block Groups (BGs) are clusters of blocks within the same census tract. Each census tract contains at least one BG, and BGs are uniquely numbered within census tracts. BGs have a valid code range of 0 through 9. BGs have the same first digit of their 4-digit census block number from the same decennial census. For example, tabulation blocks numbered 3001, 3002, 3003,.., 3999 within census tract 1210.02 are also within BG 3 within that census tract. BGs coded 0 are intended to only include water area, no land area, and they are generally in territorial seas, coastal water, and Great Lakes water areas. Block groups generally contain between 600 and 3,000 people. A BG usually covers a contiguous area but never crosses county or census tract boundaries. They may, however, cross the boundaries of other geographic entities like county subdivisions, places, urban areas, voting districts, congressional districts, and American Indian / Alaska Native / Native Hawaiian areas. The BG boundaries in this release are those that were delineated as part of the Census Bureau's Participant Statistical Areas Program (PSAP) for the 2010 Census.</abstract><purpose>These data are based upon work supported by the National Institutes of Health and the National Science Foundation. Its purpose is twofold. First, the NHGIS created and freely distributes a database incorporating all available aggregate census information for the United States between 1790 and 2010. The database contains information for a wide variety of statistical (blocks, block groups, census tracts, metropolitan statistical areas, etc.) and administrative units (places, minor civil divisions, counties, states, etc.). Second, the NHGIS produced and freely distributes boundary files for small areas (census tracts and counties) in the United States. Boundary files for tracts are available for the 1910-2010 decennial censuses and American Community Survey releases, and boundary files for counties and states/territories are available for the 1790-2010 decennial censuses and American Community Survey releases. The boundaries contained in this file do not necessarily represent current legal boundaries. Instead, they represent the boundaries over which the U.S. Census Bureau tabulated and published data at that time.

In order for others to use the information in the Census MAF/TIGER database in a geographic information system (GIS) or for other geographic applications, the Census Bureau releases to the public extracts of the database in the form of TIGER/Line Shapefiles.</purpose></descript><timeperd><timeinfo><rngdates><begdate>201306</begdate><enddate>201405</enddate></rngdates></timeinfo><current>Publication Date</current></timeperd><status><progress>Complete</progress><update>No changes or updates will be made to this version of the TIGER/Line Shapefiles.  Future releases of TIGER/Line Shapefiles will reflect updates made to the Census MAF/TIGER database.</update></status><spdom><bounding><westbc>-88.473227</westbc><eastbc>-84.888246</eastbc><northbc>35.008028</northbc><southbc>30.144425</southbc></bounding></spdom><keywords><theme><themekt>None</themekt><themekey>State or equivalent entity</themekey><themekey>Polygon</themekey><themekey>Block Group</themekey><themekey>BG</themekey></theme><theme><themekt>ISO 19115 Topic Categories</themekt><themekey>Boundaries</themekey></theme><place><placekt>ANSI INCITS 38:2009 (Formerly FIPS 5-2), 
                              ANSI INCITS 31:2009 (Formerly FIPS 6-4),ANSI 
                              INCITS 454:2009 (Formerly FIPS 8-6), ANSI INCITS 
                              455:2009(Formerly FIPS 9-1), ANSI INCITS 446:2008                           (Geographic Names Information System (GNIS))
</placekt><placekey>
United States
</placekey><placekey>
U.S.
</placekey><placekey>
State or Equivalent Entity
</placekey><placekey>
Alabama
</placekey><placekey>
AL
</placekey><placekey>
01
</placekey></place></keywords><accconst>None</accconst><useconst>The TIGER/Line Shapefile products are not copyrighted however TIGER/Line and Census TIGER are registered trademarks of the U.S. Census Bureau.  These products are free to use in a product or publication, however acknowledgement must be given to the U.S. Census Bureau as the source.
The boundary information in the TIGER/Line Shapefiles are for statistical data collection and tabulation purposes only; their depiction and designation for statistical purposes does not constitute a determination of jurisdictional authority or rights of ownership or entitlement and they are not legal land descriptions.Coordinates in the TIGER/Line shapefiles have six implied decimal places, but the positional accuracy of these coordinates is not as great as the six decimal places suggest.</useconst><ptcontac><cntinfo><cntorgp><cntorg>U.S. Department of Commerce, U.S. Census Bureau, 
                         Geography Division, Geographic Products Branch</cntorg></cntorgp><cntaddr><addrtype>mailing</addrtype><address>4600 Silver Hill Road, Stop 7400</address><city>Washington</city><state>DC</state><postal>20233-7400</postal><country>United States</country></cntaddr><cntvoice>301-763-1128</cntvoice><cntfax>301-763-4710</cntfax><cntemail>geo.tiger@census.gov</cntemail></cntinfo></ptcontac></idinfo><dataqual><attracc><attraccr>Accurate against National Standard Codes, Federal Information Processing (FIPS) and the Geographic Names Information System (GNIS) at the 100% level for the codes and base names.  The remaining attribute information has been examined but has not been fully tested for accuracy.</attraccr></attracc><logic>The Census Bureau performed automated tests to ensure logical consistency and limits of shapefiles.  Segments making up the outer and inner boundaries of a polygon tie end-to-end to completely enclose the area.  All polygons are tested for closure.
The Census Bureau uses its internally developed geographic update system to enhance and modify spatial and attribute data in the Census MAF/TIGER database.  Standard geographic codes, such as FIPS codes for states, counties, municipalities, county subdivisions, places, American Indian/Alaska Native/Native Hawaiian areas, and congressional districts are used when encoding spatial entities.  The Census Bureau performed spatial data tests for logical consistency of the codes during the compilation of the original Census MAF/TIGER database files.  Most of the codes for geographic entities except states, counties, urban areas, Core Based Statistical Areas (CBSAs), American Indian Areas (AIAs), and congressional districts were provided to the Census Bureau by the USGS, the agency responsible for maintaining the Geographic Names Information System (GNIS).  Feature attribute information has been examined but has not been fully tested for consistency.
For the TIGER/Line Shapefiles, the Point and Vector Object Count for the G-polygon SDTS Point and Vector Object Type reflects the number of records in the shapefile attribute table.  For multi-polygon features, only one attribute record exists for each multi-polygon rather than one attribute record per individual G-polygon component of the multi-polygon feature.  TIGER/Line Shapefile multi-polygons are an exception to the G-polygon object type classification.  Therefore, when multi-polygons exist in a shapefile, the object count will be less than the actual number of G-polygons.</logic><complete>Data completeness of the TIGER/Line Shapefiles reflects the contents of the Census MAF/TIGER database at the time the TIGER/Line Shapefiles were created.</complete><lineage><srcinfo><srccite><citeinfo><origin>U.S. Department of Commerce, U.S. Census Bureau, Geography Division</origin><pubdate>Unpublished material</pubdate><title>Census MAF/TIGER database</title></citeinfo></srccite><typesrc>online</typesrc><srctime><timeinfo><rngdates><begdate>201306</begdate><enddate>201405</enddate></rngdates></timeinfo><srccurr>Publication Date</srccurr></srctime><srccitea>MAF/TIGER</srccitea><srccontr>All line segments</srccontr></srcinfo><procstep><procdesc>TIGER/Line Shapefiles are extracted from the Census MAF/TIGER database by nation, state, county, and entity.  Census MAF/TIGER data for all of the aforementioned geographic entities are then distributed among the shapefiles each containing attributes for line, polygon, or landmark geographic data. </procdesc><srcused>MAF/TIGER</srcused><procdate>2014</procdate></procstep></lineage></dataqual><spdoinfo><indspref>Federal Information Processing Series (FIPS), Geographic Names Information System (GNIS), and feature names.</indspref><direct>Vector</direct><ptvctinf><esriterm Name="_blck_grp_201444"><efeatyp Sync="TRUE">Simple</efeatyp><efeageom code="4" Sync="TRUE"></efeageom><esritopo Sync="TRUE">FALSE</esritopo><efeacnt Sync="TRUE">0</efeacnt><spindex Sync="TRUE">FALSE</spindex><linrefer Sync="TRUE">FALSE</linrefer></esriterm></ptvctinf></spdoinfo><spref><horizsys><geodetic><horizdn>North American Datum of 1983</horizdn><ellips>Geodetic Reference System 80</ellips><semiaxis>6378137</semiaxis><denflat>298.257</denflat></geodetic></horizsys></spref><eainfo><detailed Name="_blck_grp_201444" xmlns=""><enttyp><enttypl>BG.shp</enttypl><enttypd>Current Block Group State-based</enttypd><enttypds>U.S. Census Bureau</enttypds><enttypt Sync="TRUE">Feature Class</enttypt><enttypc Sync="TRUE">0</enttypc></enttyp><attr xmlns=""><attrlabl Sync="TRUE">FID</attrlabl><attalias Sync="TRUE">FID</attalias><attrtype Sync="TRUE">OID</attrtype><attwidth Sync="TRUE">4</attwidth><atprecis Sync="TRUE">0</atprecis><attscale Sync="TRUE">0</attscale><attrdef Sync="TRUE">Internal feature number.</attrdef><attrdefs Sync="TRUE">Esri</attrdefs><attrdomv><udom Sync="TRUE">Sequential unique whole numbers that are automatically generated.</udom></attrdomv></attr><attr xmlns=""><attrlabl Sync="TRUE">Shape</attrlabl><attalias Sync="TRUE">Shape</attalias><attrtype Sync="TRUE">Geometry</attrtype><attwidth Sync="TRUE">0</attwidth><atprecis Sync="TRUE">0</atprecis><attscale Sync="TRUE">0</attscale><attrdef Sync="TRUE">Feature geometry.</attrdef><attrdefs Sync="TRUE">Esri</attrdefs><attrdomv><udom Sync="TRUE">Coordinates defining the features.</udom></attrdomv></attr><attr xmlns=""><attrlabl>STATEFP</attrlabl><attrdef>Current state Federal Information Processing Series (FIPS) code</attrdef><attrdefs>U.S. Census Bureau</attrdefs><attrdomv><codesetd><codesetn>National Standard Codes (ANSI INCITS 38-2009), Federal Information Processing Series (FIPS) - States/State Equivalents</codesetn><codesets>U.S. Census Bureau</codesets></codesetd></attrdomv><attalias Sync="TRUE">STATEFP</attalias><attrtype Sync="TRUE">String</attrtype><attwidth Sync="TRUE">2</attwidth><atprecis Sync="TRUE">0</atprecis><attscale Sync="TRUE">0</attscale></attr><attr xmlns=""><attrlabl>COUNTYFP</attrlabl><attrdef>Current county Federal Information Processing Series (FIPS) code</attrdef><attrdefs>U.S. Census Bureau</attrdefs><attrdomv><codesetd><codesetn>National Standard Codes (ANSI INCITS 31-2009), Federal Information Processing Series (FIPS) - Counties/County Equivalents</codesetn><codesets>U.S. Census Bureau</codesets></codesetd></attrdomv><attalias Sync="TRUE">COUNTYFP</attalias><attrtype Sync="TRUE">String</attrtype><attwidth Sync="TRUE">3</attwidth><atprecis Sync="TRUE">0</atprecis><attscale Sync="TRUE">0</attscale></attr><attr xmlns=""><attrlabl>TRACTCE</attrlabl><attrdef>Current census tract code</attrdef><attrdefs>U.S. Census Bureau</attrdefs><attrdomv><edom><edomv>000100 to 998999</edomv><edomvd>Census tract number</edomvd><edomvds>U.S. Census Bureau</edomvds></edom></attrdomv><attrdomv><edom><edomv>990000 to 990099</edomv><edomvd>Water tract (2010 and continuing)</edomvd><edomvds>U.S. Census Bureau</edomvds></edom></attrdomv><attrdomv><edom><edomv>990100 to 998999</edomv><edomvd>Census tract number</edomvd><edomvds>U.S. Census Bureau</edomvds></edom></attrdomv><attalias Sync="TRUE">TRACTCE</attalias><attrtype Sync="TRUE">String</attrtype><attwidth Sync="TRUE">6</attwidth><atprecis Sync="TRUE">0</atprecis><attscale Sync="TRUE">0</attscale></attr><attr xmlns=""><attrlabl>BLKGRPCE</attrlabl><attrdef>Current block group number. A block group number of 0 represents a water block group.</attrdef><attrdefs>U.S. Census Bureau</attrdefs><attrdomv><rdom><rdommin>0</rdommin><rdommax>9</rdommax></rdom></attrdomv><attalias Sync="TRUE">BLKGRPCE</attalias><attrtype Sync="TRUE">String</attrtype><attwidth Sync="TRUE">1</attwidth><atprecis Sync="TRUE">0</atprecis><attscale Sync="TRUE">0</attscale></attr><attr xmlns=""><attrlabl>GEOID</attrlabl><attrdef>Census block group identifier; a concatenation of the current state Federal Information Processing Series (FIPS) code, county FIPS code, census tract code, and block group number</attrdef><attrdefs>U.S. Census Bureau</attrdefs><attrdomv><udom>The GEOID attribute is a concatenation of the state FIPS code, followed by the county FIPS code, followed by the census tract code, followed by the block group number. No spaces are allowed between the two codes. The State FIPS code is taken from "National Standard Codes (ANSI INCITS 38-2009), Federal Information Processing Series (FIPS) - States". The county FIPS code is taken from "National Standard Codes (ANSI INCITS 31-2009), Federal Information Processing Series (FIPS) - Counties/County Equivalents". The census tract code is taken from the "TRACTCE" attribute. The block group number is taken from the "BLKGRPCE" attribute.</udom></attrdomv><attalias Sync="TRUE">GEOID</attalias><attrtype Sync="TRUE">String</attrtype><attwidth Sync="TRUE">12</attwidth><atprecis Sync="TRUE">0</atprecis><attscale Sync="TRUE">0</attscale></attr><attr xmlns=""><attrlabl>NAMELSAD</attrlabl><attrdef>Current translated legal/statistical area description and the block group number</attrdef><attrdefs>U.S. Census Bureau</attrdefs><attrdomv><udom>Refer to the block group number that appears in BLKGRPCE and translated legal/statistical area description code BG, Block Group</udom></attrdomv><attalias Sync="TRUE">NAMELSAD</attalias><attrtype Sync="TRUE">String</attrtype><attwidth Sync="TRUE">13</attwidth><atprecis Sync="TRUE">0</atprecis><attscale Sync="TRUE">0</attscale></attr><attr xmlns=""><attrlabl>MTFCC</attrlabl><attrdef>MAF/TIGER feature class code</attrdef><attrdefs>U.S. Census Bureau</attrdefs><attrdomv><edom><edomv>G5030</edomv><edomvd>Block Group</edomvd><edomvds>U.S. Census Bureau</edomvds></edom></attrdomv><attalias Sync="TRUE">MTFCC</attalias><attrtype Sync="TRUE">String</attrtype><attwidth Sync="TRUE">5</attwidth><atprecis Sync="TRUE">0</atprecis><attscale Sync="TRUE">0</attscale></attr><attr xmlns=""><attrlabl>FUNCSTAT</attrlabl><attrdef>Current functional status</attrdef><attrdefs>U.S. Census Bureau</attrdefs><attrdomv><edom><edomv>S</edomv><edomvd>Statistical entity</edomvd><edomvds>U.S. Census Bureau</edomvds></edom></attrdomv><attalias Sync="TRUE">FUNCSTAT</attalias><attrtype Sync="TRUE">String</attrtype><attwidth Sync="TRUE">1</attwidth><atprecis Sync="TRUE">0</atprecis><attscale Sync="TRUE">0</attscale></attr><attr xmlns=""><attrlabl>ALAND</attrlabl><attrdef>Current land area (square meters)</attrdef><attrdefs>U.S. Census Bureau</attrdefs><attrdomv><rdom><rdommin>0</rdommin><rdommax>9,999,999,999,999</rdommax></rdom></attrdomv><attalias Sync="TRUE">ALAND</attalias><attrtype Sync="TRUE">Double</attrtype><attwidth Sync="TRUE">19</attwidth><atprecis Sync="TRUE">0</atprecis><attscale Sync="TRUE">0</attscale></attr><attr xmlns=""><attrlabl>AWATER</attrlabl><attrdef>Current water area (square meters)</attrdef><attrdefs>U.S. Census Bureau</attrdefs><attrdomv><rdom><rdommin>0</rdommin><rdommax>9,999,999,999,999</rdommax></rdom></attrdomv><attalias Sync="TRUE">AWATER</attalias><attrtype Sync="TRUE">Double</attrtype><attwidth Sync="TRUE">19</attwidth><atprecis Sync="TRUE">0</atprecis><attscale Sync="TRUE">0</attscale></attr><attr xmlns=""><attrlabl>INTPTLAT</attrlabl><attrdef>Current latitude of the internal point</attrdef><attrdefs>U.S. Census Bureau</attrdefs><attrdomv><rdom><rdommin>-90.000000</rdommin><rdommax>90.000000</rdommax></rdom></attrdomv><attalias Sync="TRUE">INTPTLAT</attalias><attrtype Sync="TRUE">String</attrtype><attwidth Sync="TRUE">11</attwidth><atprecis Sync="TRUE">0</atprecis><attscale Sync="TRUE">0</attscale></attr><attr xmlns=""><attrlabl>INTPTLON</attrlabl><attrdef>Current longitude of the internal point</attrdef><attrdefs>U.S. Census Bureau</attrdefs><attrdomv><rdom><rdommin>-180.000000</rdommin><rdommax>180.000000</rdommax></rdom></attrdomv><attalias Sync="TRUE">INTPTLON</attalias><attrtype Sync="TRUE">String</attrtype><attwidth Sync="TRUE">12</attwidth><atprecis Sync="TRUE">0</atprecis><attscale Sync="TRUE">0</attscale></attr><attr xmlns=""><attrlabl Sync="TRUE">GISJOIN</attrlabl><attalias Sync="TRUE">GISJOIN</attalias><attrtype Sync="TRUE">String</attrtype><attwidth Sync="TRUE">15</attwidth><atprecis Sync="TRUE">0</atprecis><attscale Sync="TRUE">0</attscale><attrdef>Unique identifier for joining to NHGIS tabular data</attrdef><attrdefs>NHGIS</attrdefs></attr><attr xmlns=""><attrlabl Sync="TRUE">Shape_Leng</attrlabl><attalias Sync="TRUE">Shape_Leng</attalias><attrtype Sync="TRUE">Double</attrtype><attwidth Sync="TRUE">19</attwidth><atprecis Sync="TRUE">0</atprecis><attscale Sync="TRUE">0</attscale></attr><attr xmlns=""><attrlabl Sync="TRUE">Shape_Area</attrlabl><attalias Sync="TRUE">Shape_Area</attalias><attrtype Sync="TRUE">Double</attrtype><attwidth Sync="TRUE">19</attwidth><atprecis Sync="TRUE">0</atprecis><attscale Sync="TRUE">0</attscale><attrdef Sync="TRUE">Area of feature in internal units squared.</attrdef><attrdefs Sync="TRUE">Esri</attrdefs><attrdomv><udom Sync="TRUE">Positive real numbers that are automatically generated.</udom></attrdomv></attr></detailed></eainfo><distinfo><distrib><cntinfo><cntorgp><cntorg>U.S. Department of Commerce, U.S. Census Bureau, Geography Division, Geographic Products Branch</cntorg></cntorgp><cntaddr><addrtype>mailing</addrtype><address>4600 Silver Hill Road, Stop 7400</address><city>Washington</city><state>DC</state><postal>20233-7400</postal><country>United States</country></cntaddr><cntvoice>301-763-1128</cntvoice><cntfax>301-763-4710</cntfax><cntemail>geo.tiger@census.gov</cntemail></cntinfo></distrib><distliab>No warranty, expressed or implied is made with regard to the accuracy of these data, and no liability is assumed by the U.S. Government in general or the U.S. Census Bureau in specific as to the spatial or attribute accuracy of the data.  The act of distribution shall not constitute any such warranty and no responsibility is assumed by the U.S. government in the use of these files.  The boundary information in the TIGER/Line Shapefiles is for statistical data collection and tabulation purposes only; their depiction and designation for statistical purposes do not constitute a determination of jurisdictional authority or rights of ownership or entitlement and they are not legal land descriptions.</distliab><stdorder><digform><digtinfo><formname>TGRSHP (compressed)</formname><filedec>PK-ZIP, version 1.93 A or higher</filedec></digtinfo><digtopt><onlinopt><computer><networka><networkr>http://www2.census.gov/geo/tiger/TIGER2014/BG/tl_2014_01_bg.zip</networkr></networka></computer></onlinopt></digtopt></digform><fees>The online copy of the TIGER/Line Shapefiles may be accessed without charge.</fees><ordering>To obtain more information about ordering TIGER/Line Shapefiles visit http://www.census.gov/geo/www/tiger </ordering></stdorder><techpreq>The TIGER/Line shapefiles contain geographic data only and do not include display mapping software or statistical data.  For information on how to use the TIGER/Line shapefile data with specific software package users shall contact the company that produced the software.</techpreq></distinfo><metainfo><metd>20140601</metd><metc><cntinfo><cntorgp><cntorg>U.S. Department of Commerce, U.S. Census Bureau, Geography Division, Geographic Products Branch</cntorg></cntorgp><cntaddr><addrtype>mailing</addrtype><address>4600 Silver Hill Road, Stop 7400</address><city>Washington</city><state>DC</state><postal>20233-7400</postal><country>United States</country></cntaddr><cntvoice>301-763-1128</cntvoice><cntfax>301-763-4710</cntfax><cntemail>geo.tiger@census.gov</cntemail></cntinfo></metc><metstdn>FGDC Content Standards for Digital Geospatial Metadata</metstdn><metstdv>FGDC-STD-001-1998</metstdv></metainfo><dataIdInfo><envirDesc Sync="TRUE">Microsoft Windows 7 Version 6.1 (Build 7601) Service Pack 1; Esri ArcGIS 10.3.1.4959</envirDesc><dataLang><languageCode value="eng" Sync="TRUE"/><countryCode value="USA" Sync="TRUE"/></dataLang><idCitation xmlns=""><resTitle Sync="TRUE">_blck_grp_201444</resTitle><presForm xmlns=""><PresFormCd value="005" Sync="TRUE"/></presForm><citRespParty xmlns=""><editorSource>external</editorSource><editorDigest>15b8a3e32436fa83bd02e83dfb6f4562</editorDigest><rpOrgName>Minnesota Population Center</rpOrgName><rpCntInfo><cntAddress addressType="postal"><delPoint>50 Willey Hall - 225 19th Ave S</delPoint><city>Minneapolis</city><adminArea>MN</adminArea><postCode>55455</postCode><eMailAdd>nhgis@umn.edu</eMailAdd><country>US</country></cntAddress><cntPhone><voiceNum tddtty="">612-625-7375</voiceNum></cntPhone><cntOnlineRes><linkage>www.nhgis.org</linkage></cntOnlineRes></rpCntInfo><editorSave>True</editorSave><displayName>Minnesota Population Center</displayName></citRespParty></idCitation><spatRpType><SpatRepTypCd value="001" Sync="TRUE"/></spatRpType><dataExt xmlns=""><geoEle xmlns=""><GeoBndBox esriExtentType="search"><exTypeCode Sync="TRUE">1</exTypeCode><westBL Sync="TRUE">-180.000000</westBL><eastBL Sync="TRUE">180.000000</eastBL><northBL Sync="TRUE">90.000000</northBL><southBL Sync="TRUE">0.096502</southBL></GeoBndBox></geoEle></dataExt><idPurp>These data are based upon work supported by the National Institutes of Health and the National Science Foundation. Its purpose is twofold. First, the NHGIS created and freely distributes a database incorporating all available aggregate census information for the United States between 1790 and 2010. The database contains information for a wide variety of statistical (blocks, block groups, census tracts, metropolitan statistical areas, etc.) and administrative units (places, minor civil divisions, counties, states, etc.). Second, the NHGIS produced and freely distributes boundary files for small areas (census tracts and counties) in the United States. Boundary files for tracts are available for the 1910-2010 decennial censuses and American Community Survey releases, and boundary files for counties and states/territories are available for the 1790-2010 decennial censuses and American Community Survey releases. The boundaries contained in this file do not necessarily represent current legal boundaries. Instead, they represent the boundaries over which the U.S. Census Bureau tabulated and published data at that time.

In order for others to use the information in the Census MAF/TIGER database in a geographic information system (GIS) or for other geographic applications, the Census Bureau releases to the public extracts of the database in the form of TIGER/Line Shapefiles.</idPurp><idAbs>&lt;DIV STYLE="text-align:Left;"&gt;&lt;DIV&gt;&lt;DIV&gt;&lt;P STYLE="margin:0 0 0 0;"&gt;&lt;SPAN&gt;&lt;SPAN&gt;The NHGIS is a National Institutes of Health and National Science Foundation-sponsored project to create a digital spatial-temporal database of all available historical US aggregate census materials. The available shapefiles on the NHGIS site represent version 2.0 of historical US state/territory boundary files for the 1790 to 2010 decennial censuses and American Community Survey releases.&lt;/SPAN&gt;&lt;/SPAN&gt;&lt;/P&gt;&lt;P&gt;&lt;SPAN /&gt;&lt;/P&gt;&lt;P&gt;&lt;SPAN&gt;The TIGER/Line shapefiles and related database files (.dbf) are an extract of selected geographic and cartographic information from the U.S. Census Bureau's Master Address File / Topologically Integrated Geographic Encoding and Referencing (MAF/TIGER) Database (MTDB). The MTDB represents a seamless national file with no overlaps or gaps between parts, however, each TIGER/Line shapefile is designed to stand alone as an independent data set, or they can be combined to cover the entire nation. Block Groups (BGs) are clusters of blocks within the same census tract. Each census tract contains at least one BG, and BGs are uniquely numbered within census tracts. BGs have a valid code range of 0 through 9. BGs have the same first digit of their 4-digit census block number from the same decennial census. For example, tabulation blocks numbered 3001, 3002, 3003,.., 3999 within census tract 1210.02 are also within BG 3 within that census tract. BGs coded 0 are intended to only include water area, no land area, and they are generally in territorial seas, coastal water, and Great Lakes water areas. Block groups generally contain between 600 and 3,000 people. A BG usually covers a contiguous area but never crosses county or census tract boundaries. They may, however, cross the boundaries of other geographic entities like county subdivisions, places, urban areas, voting districts, congressional districts, and American Indian / Alaska Native / Native Hawaiian areas. The BG boundaries in this release are those that were delineated as part of the Census Bureau's Participant Statistical Areas Program (PSAP) for the 2010 Census.&lt;/SPAN&gt;&lt;/P&gt;&lt;/DIV&gt;&lt;/DIV&gt;&lt;/DIV&gt;</idAbs><searchKeys><keyword>State or equivalent entity</keyword><keyword>Polygon</keyword><keyword>Block Group</keyword><keyword>BG</keyword><keyword>Boundaries</keyword></searchKeys><resConst><Consts xmlns=""><useLimit>&lt;DIV STYLE="text-align:Left;"&gt;&lt;DIV&gt;&lt;DIV&gt;&lt;P STYLE="margin:0 0 0 0;"&gt;&lt;SPAN&gt;&lt;SPAN&gt;This dataset was produced with an intended application at the state/territory, regional or national level. Appropriate uses include thematic mapping of census data and spatial analysis of census data. These unaltered data may be redistributed by a third party. If these data are altered or incorporated into another dataset, they are not to be redistributed without also: altering the name of the dataset, including a Content Standards for Digital Geospatial Metadata (FGDC-STD-001-1998) compliant metadata file that describes the dataset and reflects the alteration steps that makes the new dataset different from this one, and citing this dataset in the metadata as a source for the altered dataset using the source citation specified below. If these digital data are used in the production of a report or in the compilation of a standalone printed map, then this dataset is to be cited in the report or on the map using the source citation specified below. The following source citation should be used when citing this dataset: Minnesota Population Center. National Historical Geographic Information System: Version 2.0, Minneapolis: MN, University of Minnesota 2011. No fee may be charged for use or distribution. Publications and research reports based on the database must cite it appropriately. Users are requested to send a copy of any publications, research reports, or educational material making use of the data or documentation. Printed matter should be sent to: NHGIS Minnesota Population Center University of Minnesota 50 Willey Hall 225 19th Avenue South Minneapolis, MN 55455.&lt;/SPAN&gt;&lt;/SPAN&gt;&lt;/P&gt;&lt;P&gt;&lt;SPAN /&gt;&lt;/P&gt;&lt;P&gt;&lt;SPAN&gt;The TIGER/Line Shapefile products are not copyrighted however TIGER/Line and Census TIGER are registered trademarks of the U.S. Census Bureau. These products are free to use in a product or publication, however acknowledgement must be given to the U.S. Census Bureau as the source. The boundary information in the TIGER/Line Shapefiles are for statistical data collection and tabulation purposes only; their depiction and designation for statistical purposes does not constitute a determination of jurisdictional authority or rights of ownership or entitlement and they are not legal land descriptions.Coordinates in the TIGER/Line shapefiles have six implied decimal places, but the positional accuracy of these coordinates is not as great as the six decimal places suggest.&lt;/SPAN&gt;&lt;/P&gt;&lt;/DIV&gt;&lt;/DIV&gt;&lt;/DIV&gt;</useLimit></Consts></resConst><dataChar><CharSetCd value="004"/></dataChar><idPoC xmlns=""><editorSource>external</editorSource><editorDigest>15b8a3e32436fa83bd02e83dfb6f4562</editorDigest><rpOrgName>Minnesota Population Center</rpOrgName><rpCntInfo><cntAddress addressType="postal"><delPoint>50 Willey Hall - 225 19th Ave S</delPoint><city>Minneapolis</city><adminArea>MN</adminArea><postCode>55455</postCode><eMailAdd>nhgis@umn.edu</eMailAdd><country>US</country></cntAddress><cntPhone><voiceNum tddtty="">612-625-7375</voiceNum></cntPhone><cntOnlineRes><linkage>www.nhgis.org</linkage></cntOnlineRes></rpCntInfo><editorSave>True</editorSave><displayName>Minnesota Population Center</displayName></idPoC><resMaint xmlns=""><maintCont xmlns=""><editorSource>external</editorSource><editorDigest>15b8a3e32436fa83bd02e83dfb6f4562</editorDigest><rpOrgName>Minnesota Population Center</rpOrgName><rpCntInfo><cntAddress addressType="postal"><delPoint>50 Willey Hall - 225 19th Ave S</delPoint><city>Minneapolis</city><adminArea>MN</adminArea><postCode>55455</postCode><eMailAdd>nhgis@umn.edu</eMailAdd><country>US</country></cntAddress><cntPhone><voiceNum tddtty="">612-625-7375</voiceNum></cntPhone><cntOnlineRes><linkage>www.nhgis.org</linkage></cntOnlineRes></rpCntInfo><editorSave>True</editorSave><displayName>Minnesota Population Center</displayName></maintCont></resMaint></dataIdInfo><mdLang><languageCode value="eng" Sync="TRUE"/><countryCode value="USA" Sync="TRUE"/></mdLang><Esri><DataProperties><itemProps><itemName Sync="TRUE">_blck_grp_201444</itemName><imsContentType Sync="TRUE">002</imsContentType><itemLocation><linkage Sync="TRUE">file://\\UMN201756041\B$\ISTADS\PreppingAnnualTigerShapefiles\2014\Shapefiles_Final\blck_grp\_blck_grp_201444.shp</linkage><protocol Sync="TRUE">Local Area Network</protocol></itemLocation><itemSize Sync="TRUE">0.000</itemSize><nativeExtBox><westBL Sync="TRUE">-7115207.647400</westBL><eastBL Sync="TRUE">3321631.715700</eastBL><southBL Sync="TRUE">-1685018.477700</southBL><northBL Sync="TRUE">4591848.410800</northBL><exTypeCode Sync="TRUE">1</exTypeCode></nativeExtBox></itemProps><coordRef><type Sync="TRUE">Projected</type><geogcsn Sync="TRUE">GCS_North_American_1983</geogcsn><csUnits Sync="TRUE">Linear Unit: Meter (1.000000)</csUnits><peXml Sync="TRUE">&lt;ProjectedCoordinateSystem xsi:type='typens:ProjectedCoordinateSystem' xmlns:xsi='http://www.w3.org/2001/XMLSchema-instance' xmlns:xs='http://www.w3.org/2001/XMLSchema' xmlns:typens='http://www.esri.com/schemas/ArcGIS/10.3'&gt;&lt;WKT&gt;PROJCS[&amp;quot;USA_Contiguous_Albers_Equal_Area_Conic&amp;quot;,GEOGCS[&amp;quot;GCS_North_American_1983&amp;quot;,DATUM[&amp;quot;D_North_American_1983&amp;quot;,SPHEROID[&amp;quot;GRS_1980&amp;quot;,6378137.0,298.257222101]],PRIMEM[&amp;quot;Greenwich&amp;quot;,0.0],UNIT[&amp;quot;Degree&amp;quot;,0.0174532925199433]],PROJECTION[&amp;quot;Albers&amp;quot;],PARAMETER[&amp;quot;False_Easting&amp;quot;,0.0],PARAMETER[&amp;quot;False_Northing&amp;quot;,0.0],PARAMETER[&amp;quot;Central_Meridian&amp;quot;,-96.0],PARAMETER[&amp;quot;Standard_Parallel_1&amp;quot;,29.5],PARAMETER[&amp;quot;Standard_Parallel_2&amp;quot;,45.5],PARAMETER[&amp;quot;Latitude_Of_Origin&amp;quot;,37.5],UNIT[&amp;quot;Meter&amp;quot;,1.0],AUTHORITY[&amp;quot;ESRI&amp;quot;,102003]]&lt;/WKT&gt;&lt;XOrigin&gt;-16901100&lt;/XOrigin&gt;&lt;YOrigin&gt;-8579000&lt;/YOrigin&gt;&lt;XYScale&gt;266467840.99085236&lt;/XYScale&gt;&lt;ZOrigin&gt;-100000&lt;/ZOrigin&gt;&lt;ZScale&gt;10000&lt;/ZScale&gt;&lt;MOrigin&gt;-100000&lt;/MOrigin&gt;&lt;MScale&gt;10000&lt;/MScale&gt;&lt;XYTolerance&gt;0.001&lt;/XYTolerance&gt;&lt;ZTolerance&gt;0.001&lt;/ZTolerance&gt;&lt;MTolerance&gt;0.001&lt;/MTolerance&gt;&lt;HighPrecision&gt;true&lt;/HighPrecision&gt;&lt;WKID&gt;102003&lt;/WKID&gt;&lt;LatestWKID&gt;102003&lt;/LatestWKID&gt;&lt;/ProjectedCoordinateSystem&gt;</peXml><projcsn Sync="TRUE">USA_Contiguous_Albers_Equal_Area_Conic</projcsn></coordRef><lineage><Process ToolSource="c:\program files (x86)\arcgis\desktop10.3\ArcToolbox\Toolboxes\Data Management Tools.tbx\CalculateField" Date="20151117" Time="161917" Name="" export="True">CalculateField tl_2014_us_bg GISJOIN ""G" &amp; [STATEFP] &amp; "0" &amp;  [COUNTYFP] &amp; "0" &amp; [TRACTCE] &amp; [BLKGRPCE]" VB #</Process><Process ToolSource="c:\program files (x86)\arcgis\desktop10.3\ArcToolbox\Toolboxes\Data Management Tools.tbx\CopyFeatures" Date="20151210" Time="084536">CopyFeatures TempLayer B:\ISTADS\PreppingAnnualTigerShapefiles\2014\Shapefiles_Final\blck_grp\_blck_grp_201444.shp # 0 0 0</Process></lineage></DataProperties><SyncDate>20151210</SyncDate><SyncTime>08453400</SyncTime><ModDate>20151210</ModDate><ModTime>08453400</ModTime><CreaDate>20151117</CreaDate><CreaTime>15220100</CreaTime><ArcGISFormat>1.0</ArcGISFormat><ArcGISstyle>FGDC CSDGM Metadata</ArcGISstyle><SyncOnce>FALSE</SyncOnce><scaleRange><minScale>150000000</minScale><maxScale>5000</maxScale></scaleRange><ArcGISProfile>FGDC</ArcGISProfile></Esri><distInfo><distFormat><formatName Sync="TRUE">Shapefile</formatName></distFormat><distTranOps><transSize Sync="TRUE">0.000</transSize></distTranOps></distInfo><mdHrLv><ScopeCd value="005" Sync="TRUE"/></mdHrLv><mdHrLvName Sync="TRUE">dataset</mdHrLvName><refSysInfo><RefSystem><refSysID><identCode code="102003" Sync="TRUE"/><idCodeSpace Sync="TRUE">ESRI</idCodeSpace><idVersion Sync="TRUE">10.3.1</idVersion></refSysID></RefSystem></refSysInfo><spatRepInfo><VectSpatRep><geometObjs Name="_blck_grp_201444"><geoObjTyp><GeoObjTypCd value="002" Sync="TRUE"></GeoObjTypCd></geoObjTyp><geoObjCnt Sync="TRUE">0</geoObjCnt></geometObjs><topLvl><TopoLevCd value="001" Sync="TRUE"></TopoLevCd></topLvl></VectSpatRep></spatRepInfo><mdDateSt Sync="TRUE">20151210</mdDateSt><mdChar><CharSetCd value="004"/></mdChar><dqInfo><dataLineage><statement>NHGIS files are created through a number of process steps done to the source TIGER/Line Shapefile products. Source files at the nation, state, or county extent are downloaded via Census FTP, unzipped, and loaded into a file geodatabase. State and/or county shapefiles are merged to create nationwide files. Territorial records (with exception of Puerto Rico) are removed from files before projecting into US Contiguous Albers Equal Area Conic projection. A GISJOIN field is added to the attribute table, and a custom coastline is created. Feature class files are renamed and exported to shapefiles.</statement></dataLineage></dqInfo><mdContact xmlns=""><editorSource>external</editorSource><editorDigest>15b8a3e32436fa83bd02e83dfb6f4562</editorDigest><rpOrgName>Minnesota Population Center</rpOrgName><rpCntInfo><cntAddress addressType="postal"><delPoint>50 Willey Hall - 225 19th Ave S</delPoint><city>Minneapolis</city><adminArea>MN</adminArea><postCode>55455</postCode><eMailAdd>nhgis@umn.edu</eMailAdd><country>US</country></cntAddress><cntPhone><voiceNum tddtty="">612-625-7375</voiceNum></cntPhone><cntOnlineRes><linkage>www.nhgis.org</linkage></cntOnlineRes></rpCntInfo><editorSave>True</editorSave><displayName>Minnesota Population Center</displayName></mdContact><mdMaint xmlns=""><maintCont xmlns=""><editorSource>external</editorSource><editorDigest>15b8a3e32436fa83bd02e83dfb6f4562</editorDigest><rpOrgName>Minnesota Population Center</rpOrgName><rpCntInfo><cntAddress addressType="postal"><delPoint>50 Willey Hall - 225 19th Ave S</delPoint><city>Minneapolis</city><adminArea>MN</adminArea><postCode>55455</postCode><eMailAdd>nhgis@umn.edu</eMailAdd><country>US</country></cntAddress><cntPhone><voiceNum tddtty="">612-625-7375</voiceNum></cntPhone><cntOnlineRes><linkage>www.nhgis.org</linkage></cntOnlineRes></rpCntInfo><editorSave>True</editorSave><displayName>Minnesota Population Center</displayName></maintCont></mdMaint></metadata>
